"Nombre de la cuenta";"Sector";"Tipo";"Propietario de la cuenta";"Fecha de la última modificación"
"SOLUCIONES INDUSTRIALES MINERAS S.A.S";"OEMS";"Customer";"PABLO RODRIGUEZ RODRIGUEZ";"15/08/2025"
"CONSORCIO TIM";"OEMS";"Investor";"Juan Garzón Linares";"8/04/2024"
"AFG CONTROL S.A.S";"OEMS";"Integrator";"LIZETH MARTINEZ";"15/07/2024"
"DELCO SERVICIOS Y CONSTRUCCIONES S.A.S";"OEMS";"Customer";"CLAUDIA RODRIGUEZ RODRIGUEZ";"21/08/2025"
"TECNOPACK";"OEMS";"Customer";"PABLO RODRIGUEZ RODRIGUEZ";"15/08/2025"
"IP GRUPO";"OEMS";"Customer";"Juan Garzón Linares";"14/08/2025"
"OA AUTOMATIZACION";"OEMS";"Integrator";"Juan Garzón Linares";"8/04/2024"
"IPROCEL S.A";"OEMS";"Customer";"PABLO RODRIGUEZ RODRIGUEZ";"15/08/2025"
"NEUMATICA Y CONTROL INDUTRIAL LTDA";"OEMS";"Customer";"MELISSA PEREZ";"19/04/2024"
"IGET S.A.S";"OEMS";"Customer";"CLAUDIA RODRIGUEZ RODRIGUEZ";"21/08/2025"
"EMOTRONICA S.A.S";"OEMS";"Customer";"JHOAN ORTIZ";"5/04/2024"
"EDWIN TRUJILLO";"OEMS";"Customer";"CLAUDIA RODRIGUEZ RODRIGUEZ";"21/08/2025"
"JORGE GARCIA";"OEMS";"Customer";"CLAUDIA RODRIGUEZ RODRIGUEZ";"21/08/2025"
"FERRY ASOCIADOS";"OEMS";"Customer";"CLAUDIA RODRIGUEZ RODRIGUEZ";"21/08/2025"
"CALDERAS CONTINENTAL S.A";"OEMS";"Customer";"PABLO RODRIGUEZ RODRIGUEZ";"15/08/2025"
"NOVAFLEX";"OEMS";"Customer";"Juan Garzón Linares";"10/04/2024"
"LABORATORIO DE ENSAYOS Y VERIFICACIONES SAS";"OEMS";"Customer";"CLAUDIA RODRIGUEZ RODRIGUEZ";"21/08/2025"
"INDUSTRIAS SAGGO SAS";"OEMS";"Customer";"Juan Garzón Linares";"10/04/2024"
"Tecno Ingeniería";"OEMS";"Customer";"LIZETH MARTINEZ";"7/08/2024"
"Agroindustrial";"OEMS";"Customer";"JHOAN ORTIZ";"5/04/2024"
"TERMOPLAST";"OEMS";"Customer";"Juan Garzón Linares";"8/04/2024"
"DOING COMPANY S.A";"OEMS";"Customer";"CLAUDIA RODRIGUEZ RODRIGUEZ";"21/08/2025"
"COLCELDAS LTDA";"OEMS";"Customer";"JHOAN ORTIZ";"5/04/2024"
"DISEÑO Y AUTOMATIZACION INDUSTRIAL";"OEMS";"Integrator";"PABLO RODRIGUEZ RODRIGUEZ";"15/08/2025"
"ATELCRO";"OEMS";"Integrator";"Juan Garzón Linares";"22/08/2025"
"MDST MONTAJES, DISEÑOS Y SEVICIO TÉCNICO";"OEMS";"Customer";"LIZETH MARTINEZ";"11/04/2024"
"A&CON S.A.S.";"OEMS";"Prospect";"PABLO RODRIGUEZ RODRIGUEZ";"15/08/2025"
"TECNIPALMA";"OEMS";"Customer";"Juan Garzón Linares";"12/08/2025"
"ESNA CORPORACIÓN";"OEMS";"Customer";"Juan Garzón Linares";"14/08/2025"
"ECI";"OEMS";"Customer";"Juan Garzón Linares";"14/08/2025"
"ASESORÍAS DE MANTENIMIENTO INDUSTRIAL";"OEMS";"Customer";"KAREN CARRILLO";"30/04/2025"
"DIELEC - ECUADOR";"OEMS";"Integrator";"CLAUDIA RODRIGUEZ RODRIGUEZ";"21/08/2025"
"RGC MONTAJES";"OEMS";"Customer";"CLAUDIA RODRIGUEZ RODRIGUEZ";"21/08/2025"
"INDUSTRIAL SERVICE & SUPPORT COLOMBIA SAS";"OEMS";"Customer";"Juan Garzón Linares";"12/08/2025"
"CGS OPTIMIZE S.A.S.";"OEMS";"Integrator";"Juan Garzón Linares";"30/04/2025"
"MEPREC";"OEMS";"Customer";"JHOAN ORTIZ";"8/04/2024"
"NOVOTECH";"OEMS";"Integrator";"JHOAN ORTIZ";"5/04/2024"
"TIMCOL SAS";"OEMS";"Customer";"Juan Garzón Linares";"13/08/2025"
"IFM SAS";"OEMS";"Customer";"Juan Garzón Linares";"13/08/2025"
"TOT";"OEMS";"Customer";"JHOAN ORTIZ";"5/04/2024"
"GYM INGENIERÍA SAS";"OEMS";"Customer";"Juan Garzón Linares";"13/08/2025"
"FONDAREX S.A.";"OEMS";"Customer";"Juan Garzón Linares";"13/08/2025"
"VICCY MATIC";"OEMS";"Integrator";"MELISSA PEREZ";"21/08/2025"
"GAG GROUP";"OEMS";"Customer";"MELISSA PEREZ";"20/08/2025"
"MAPER S.A";"OEMS";"Customer";"MELISSA PEREZ";"21/08/2025"
"TRAMEC";"OEMS";"Integrator";"JHOAN ORTIZ";"15/08/2025"
"NAVCAR S.A.S";"OEMS";"Customer";"MELISSA PEREZ";"21/08/2025"
"Saytec";"OEMS";"Customer";"HERNAN ROLDAN";"26/08/2025"
"IMAPACK";"OEMS";"Customer";"JHOAN ORTIZ";"28/01/2025"
"Equiprocess Sas";"OEMS";"Customer";"LIZETH MARTINEZ";"25/11/2024"
"Celtacol";"OEMS";"Customer";"HERNAN ROLDAN";"26/08/2025"
"Ingematizacion";"OEMS";"Customer";"KAREN CARRILLO";"20/01/2025"
"DOMAT";"OEMS";"Customer";"LIZETH MARTINEZ";"28/01/2025"
"INGETES";"OEMS";"Customer";"CLAUDIA RODRIGUEZ RODRIGUEZ";"21/08/2025"
"TOTAL ELECTRICOS";"OEMS";"Customer";"JHOAN ORTIZ";"8/04/2024"
"Quontrol";"OEMS";"Integrator";"JHOAN ORTIZ";"7/06/2024"
"FAMSER SAS";"OEMS";"Customer";"LIZETH MARTINEZ";"28/01/2025"
"EQUIRODMO";"OEMS";"Customer";"LIZETH MARTINEZ";"28/01/2025"
"TEPPACK";"OEMS";"Customer";"LIZETH MARTINEZ";"28/01/2025"
"FLUIMOS";"OEMS";"Integrator";"JHOAN ORTIZ";"8/04/2024"
"SODEMAQ";"OEMS";"Customer";"PABLO RODRIGUEZ RODRIGUEZ";"15/08/2025"
"WESTON SAS";"OEMS";"Customer";"MELISSA PEREZ";"21/08/2025"
"ELECAV";"OEMS";"Customer";"JHOAN ORTIZ";"8/04/2024"
"MECANIZADOS JL - ACEMAQ";"OEMS";"Customer";"JHOAN ORTIZ";"8/04/2024"
"PROCESS TECHNOLOGY Y CIA LTDA";"OEMS";"Integrator";"LIZETH MARTINEZ";"9/04/2024"
"LATIN PROYECTOS INGENIERIA SAS";"OEMS";"Customer";"HERNAN ROLDAN";"26/08/2025"
"OGA SISTEM VAC";"OEMS";"Customer";"JHOAN ORTIZ";"5/04/2024"
"SHU CANAMCO";"OEMS";"Other";"JHOAN ORTIZ";"8/04/2024"
"MOFFATT S.A.S";"OEMS";"Customer";"LIZETH MARTINEZ";"28/01/2025"
"SYNERGY PACK";"OEMS";"Customer";"PABLO RODRIGUEZ RODRIGUEZ";"14/08/2025"
"PROYECTOS DE ENERGIA ELECTRICA Y CONTROL";"OEMS";"Customer";"Juan Garzón Linares";"13/08/2025"
"MECHANICAL TOOLING";"OEMS";"Customer";"Juan Garzón Linares";"8/04/2024"
"PS&E S.A.S.";"OEMS";"Customer";"JHOAN ORTIZ";"5/04/2024"
"MAQUINADOS Y MONTAJES SAS";"OEMS";"Customer";"LIZETH MARTINEZ";"9/04/2024"
"LUCAS TOVAR";"OEMS";"Integrator";"PABLO RODRIGUEZ RODRIGUEZ";"15/08/2025"
"AUTCOL SAS";"OEMS";"Customer";"Juan Garzón Linares";"13/08/2025"
"Buhler AG Sucursal Colombia";"OEMS";"Customer";"CLAUDIA RODRIGUEZ RODRIGUEZ";"21/08/2025"
"SPT Ingeniería.";"OEMS";"Customer";"JHOAN ORTIZ";"16/04/2024"
"SISTEM SAS";"OEMS";"Customer";"Juan Garzón Linares";"14/08/2025"
"METAL ARANGOS";"OEMS";"Customer";"JHOAN ORTIZ";"26/09/2024"
"GRUPO LASSEN";"OEMS";"Customer";"MELISSA PEREZ";"21/08/2025"
"CPP Testing";"OEMS";"Customer";"KAREN CARRILLO";"20/01/2025"
"MECATRONID";"OEMS";"Customer";"JHOAN ORTIZ";"5/04/2024"
"Osmo Equipos Sas";"OEMS";"Customer";"LIZETH MARTINEZ";"9/04/2024"
"DISEÑO Y FABRICACIÓN DE MAQUINARIA SAS";"OEMS";"Customer";"MELISSA PEREZ";"21/08/2025"
"SERVING SERVICIOS E INGENIERIA SAS";"OEMS";"Customer";"KAREN CARRILLO";"2/08/2024"
"YOKOGAWA COLOMBIA SAS";"OEMS";"Customer";"MELISSA PEREZ";"21/08/2025"
"SERIMEC";"OEMS";"Customer";"JHOAN ORTIZ";"16/04/2024"
"PREVITEC";"OEMS";"Integrator";"JHOAN ORTIZ";"8/04/2024"
"ALIANZA FERRETERA COMERCIALES";"OEMS";"Reseller";"LIZETH MARTINEZ";"10/04/2024"
"VMA INGENIERIA S.A.S";"OEMS";"Customer";"LIZETH MARTINEZ";"11/04/2024"
"JPS SAS";"OEMS";"Customer";"JHOAN ORTIZ";"16/04/2024"
"IMAD SAS";"OEMS";"Integrator";"PABLO RODRIGUEZ RODRIGUEZ";"15/08/2025"
"ELECTRICOS YA";"OEMS";"Integrator";"LIZETH MARTINEZ";"11/04/2024"
"ELEVISYS SAS";"OEMS";"Reseller";"PABLO RODRIGUEZ RODRIGUEZ";"15/08/2025"
"AUTOMATISMOS DE COLOMBIA S.A.S.";"OEMS";"Integrator";"LIZETH MARTINEZ";"22/04/2024"
"GAG MACHINERY";"OEMS";"Integrator";"LIZETH MARTINEZ";"29/04/2024"
"FANDINMAQ";"OEMS";"Customer";"JHOAN ORTIZ";"3/05/2024"
"INTERNACIONAL DE ELECTRICOS";"OEMS";"Integrator";"LIZETH MARTINEZ";"4/06/2024"
"MTE";"OEMS";"Customer";"LIZETH MARTINEZ";"4/06/2024"
"INGEMET INSTRUMENTS & CONTROL SAS";"OEMS";"Integrator";"LIZETH MARTINEZ";"4/06/2024"
"FECON INGENIERIA";"OEMS";"Integrator";"LIZETH MARTINEZ";"19/06/2024"
"ELECTROMANDOS DEL ORIENTE";"OEMS";"Customer";"LIZETH MARTINEZ";"24/06/2024"
"PROYECTOS Y CONSULTORÍA ELÉCTRICA";"OEMS";"Customer";"LIZETH MARTINEZ";"24/06/2024"
"OPP FILM COLOMBIA S.A.S";"OEMS";"Customer";"KAREN CARRILLO";"15/08/2025"
"ELEIA SERVICES SAS";"OEMS";"Customer";"LIZETH MARTINEZ";"8/07/2024"
"SOLUCIONES MECATRONIC";"OEMS";"Customer";"JHOAN ORTIZ";"29/08/2024"
"Gruenn";"OEMS";"Customer";"JHOAN ORTIZ";"6/09/2024"
"SMART MAINTENANCE ENGINEERING";"OEMS";"Integrator";"LIZETH MARTINEZ";"19/12/2024"
"INSTRUCONTROL";"OEMS";"Customer";"LIZETH MARTINEZ";"19/12/2024"
"ERSTE INGENIERIA SAS";"OEMS";"Integrator";"LIZETH MARTINEZ";"21/10/2024"
"RIMETSU";"OEMS";"Customer";"LIZETH MARTINEZ";"19/12/2024"
"CELDAS Y COFRES DE COLOMBIA";"OEMS";"Integrator";"LIZETH MARTINEZ";"21/10/2024"
"PHIS PLAZAS HERMANOS INVERSIONES Y SERVICIOS";"OEMS";"Customer";"LIZETH MARTINEZ";"28/02/2025"
"DISELEC MTE";"OEMS";"Integrator";"KAREN CARRILLO";"17/03/2025"
"MASTERSOLUTION";"OEMS";"Customer";"LIZETH MARTINEZ";"22/04/2025"
"MOINTECSO (montajes y soluciones)";"OEMS";"Customer";"LIZETH MARTINEZ";"23/04/2025"
"LUIS ANGEL GARCÍA HERRERA";"OEMS";"Customer";"LIZETH MARTINEZ";"24/04/2025"
"POTENCIA Y TECNOLOGIA";"OEMS";"Customer";"LIZETH MARTINEZ";"2/05/2025"
"C&M INGENIEROS";"OEMS";"Integrator";"LIZETH MARTINEZ";"8/05/2025"
"ELECTRO INDUSTRIAL POLIEMPACK";"OEMS";"Integrator";"LIZETH MARTINEZ";"12/08/2025"
"E&ADM INGENIERIA";"OEMS";"Customer";"LIZETH MARTINEZ";"19/05/2025"
"INGEFARM EU";"OEMS";"Customer";"LIZETH MARTINEZ";"26/05/2025"
"SILBEC";"OEMS";"Customer";"LIZETH MARTINEZ";"7/07/2025"
"VERPACKEN";"OEMS";"Customer";"LIZETH MARTINEZ";"7/07/2025"
"ECOPOWER";"OEMS";"Customer";"LIZETH MARTINEZ";"7/07/2025"
"GMT VARITEC DE COLOMBIA";"OEMS";"Customer";"LIZETH MARTINEZ";"28/07/2025"
"FLEISCHMANN COLOMBIA";"OEMS";"Customer";"LIZETH MARTINEZ";"4/08/2025"
"GAS INSTRUMENT";"OEMS";"Customer";"LIZETH MARTINEZ";"8/08/2025"
"GRUPO SIEM INGENIERIA";"OEMS";"Customer";"LIZETH MARTINEZ";"25/08/2025"
"EYMAQ COLOMBIA";"OEMS";"Customer";"LIZETH MARTINEZ";"8/09/2025"
"EQUIPOS FARMACEUTICOS LER";"OEMS";"Customer";"Juan Garzón Linares";"14/09/2025"
"COLOMBIANA DE SERVICIOS E INGENIERIA";"OEMS";"Customer";"LIZETH MARTINEZ";"15/09/2025"
"SERVIDANIEL SAS";"OEMS";"Customer";"HERNAN ROLDAN";"16/09/2025"
"INGENIERÍA GUZMAN";"OEMS";"Customer";"LIZETH MARTINEZ";"6/10/2025"
"TINTAS Y MAQUINAS";"OEMS";"Prospect";"LIZETH MARTINEZ";"7/10/2025"
"COLOMBIA SOLUCIONES INTELIGENTES S.A.S";"INGENIERIA";"Customer";"PABLO RODRIGUEZ RODRIGUEZ";"14/08/2025"
"FRC INGENIERIA";"INGENIERIA";"Customer";"PABLO RODRIGUEZ RODRIGUEZ";"14/08/2025"
"COMSA-INDRA S.A";"INGENIERIA";"Customer";"PABLO RODRIGUEZ RODRIGUEZ";"14/08/2025"
"E-BICO";"INGENIERIA";"Integrator";"CLAUDIA RODRIGUEZ RODRIGUEZ";"21/08/2025"
"MASSA STORK";"INGENIERIA";"Customer";"PABLO RODRIGUEZ RODRIGUEZ";"14/08/2025"
"COMPUSMITH SOLUCIONES INTEGRALES S.A.S";"INGENIERIA";"Customer";"PABLO RODRIGUEZ RODRIGUEZ";"14/08/2025"
"PROFI SMED";"INGENIERIA";"Analyst";"CLAUDIA RODRIGUEZ RODRIGUEZ";"21/08/2025"
"HMV INGENIEROS LTDA";"INGENIERIA";"Customer";"PABLO RODRIGUEZ RODRIGUEZ";"14/08/2025"
"PROCTEK";"INGENIERIA";"Customer";"KAREN CARRILLO";"9/08/2024"
"SNAIRE";"INGENIERIA";"Customer";"HERNAN ROLDAN";"12/08/2025"
"ByV INGENIEROS";"INGENIERIA";"Customer";"KAREN CARRILLO";"7/08/2024"
"INGENIN";"INGENIERIA";"Customer";"LIZETH MARTINEZ";"9/04/2024"
"SIMIM LTDA";"INGENIERIA";"Customer";"MELISSA PEREZ";"19/04/2024"
"FRECUENCIA Y VELOCIDAD S.A.S";"INGENIERIA";"Customer";"CLAUDIA RODRIGUEZ RODRIGUEZ";"21/08/2025"
"EDELECTRIKA S.A.S";"INGENIERIA";"Customer";"JHOAN ORTIZ";"2/08/2024"
"FOCUN TI S A S";"INGENIERIA";"Customer";"CLAUDIA RODRIGUEZ RODRIGUEZ";"21/08/2025"
"DISIN S.A";"INGENIERIA";"Customer";"CLAUDIA RODRIGUEZ RODRIGUEZ";"21/08/2025"
"FIX AUTOMATION";"INGENIERIA";"Customer";"CLAUDIA RODRIGUEZ RODRIGUEZ";"21/08/2025"
"MACER ENGINEERING S.A.S";"INGENIERIA";"Customer";"CLAUDIA RODRIGUEZ RODRIGUEZ";"21/08/2025"
"ELECTRO POWER GENERATION";"INGENIERIA";"Customer";"CLAUDIA RODRIGUEZ RODRIGUEZ";"21/08/2025"
"NAIKOL ANDREY ESPITIA MURCIA";"INGENIERIA";"Customer";"CLAUDIA RODRIGUEZ RODRIGUEZ";"21/08/2025"
"STROTECH";"INGENIERIA";"Customer";"CLAUDIA RODRIGUEZ RODRIGUEZ";"21/08/2025"
"ANDRES BELLO";"INGENIERIA";"Customer";"CLAUDIA RODRIGUEZ RODRIGUEZ";"21/08/2025"
"SERVIMETERS S.A.S";"INGENIERIA";"Customer";"KAREN CARRILLO";"9/08/2024"
"IM TECNOLOGY PANAMA";"INGENIERIA";"Customer";"CLAUDIA RODRIGUEZ RODRIGUEZ";"21/08/2025"
"RICARDO OCHOA";"INGENIERIA";"Customer";"CLAUDIA RODRIGUEZ RODRIGUEZ";"21/08/2025"
"FABIAN ALZATE";"INGENIERIA";"Customer";"CLAUDIA RODRIGUEZ RODRIGUEZ";"21/08/2025"
"INTEGRAL S.A.";"INGENIERIA";"Customer";"PABLO RODRIGUEZ RODRIGUEZ";"14/08/2025"
"TECNINGENIERIA S.A.S";"INGENIERIA";"Customer";"PABLO RODRIGUEZ RODRIGUEZ";"14/08/2025"
"IMATIC INGENIERIA";"INGENIERIA";"Customer";"Juan Garzón Linares";"10/04/2024"
"INSTRU ELECTRONIC";"INGENIERIA";"Customer";"LIZETH MARTINEZ";"9/04/2024"
"AUTOMATIK";"INGENIERIA";"Integrator";"Juan Garzón Linares";"10/04/2024"
"PYT Ingenieria";"INGENIERIA";"Customer";"Juan Garzón Linares";"10/04/2024"
"MYND ENERGY S.A.S";"INGENIERIA";"Customer";"CLAUDIA RODRIGUEZ RODRIGUEZ";"21/08/2025"
"IELECTRIC S.A.S";"INGENIERIA";"Customer";"CLAUDIA RODRIGUEZ RODRIGUEZ";"21/08/2025"
"PALMER METROLOGIA E INSTRUMENTACION";"INGENIERIA";"Customer";"CLAUDIA RODRIGUEZ RODRIGUEZ";"21/08/2025"
"4M INGENIERIA S.A.S";"INGENIERIA";"Customer";"CLAUDIA RODRIGUEZ RODRIGUEZ";"21/08/2025"
"NOVAC AUTOMATIZACION";"INGENIERIA";"Customer";"CLAUDIA RODRIGUEZ RODRIGUEZ";"21/08/2025"
"DIMETRON S.A.S";"INGENIERIA";"Customer";"CLAUDIA RODRIGUEZ RODRIGUEZ";"21/08/2025"
"ANDINA DE TRANSMISORES S.A.S";"INGENIERIA";"Customer";"CLAUDIA RODRIGUEZ RODRIGUEZ";"21/08/2025"
"AGUAS DE VIDA INGENIERIA";"INGENIERIA";"Customer";"KAREN CARRILLO";"20/01/2025"
"SINCRON";"INGENIERIA";"Customer";"LIZETH MARTINEZ";"9/04/2024"
"SOFSPLUS";"INGENIERIA";"Customer";"CLAUDIA RODRIGUEZ RODRIGUEZ";"21/08/2025"
"JYA ELECTRONICOS DE COLOMBIA";"INGENIERIA";"Customer";"CLAUDIA RODRIGUEZ RODRIGUEZ";"21/08/2025"
"JAIME CAMPOS";"INGENIERIA";"Customer";"CLAUDIA RODRIGUEZ RODRIGUEZ";"21/08/2025"
"BOBINADOS Y CONTROLES";"INGENIERIA";"Customer";"CLAUDIA RODRIGUEZ RODRIGUEZ";"21/08/2025"
"INGENIERIA Y MANTENIMIENTO";"INGENIERIA";"Customer";"CLAUDIA RODRIGUEZ RODRIGUEZ";"21/08/2025"
"GSEC S.A.S";"INGENIERIA";"Customer";"PABLO RODRIGUEZ RODRIGUEZ";"14/08/2025"
"TST COMPANY SOLUCIONES DE INGENIERIA";"INGENIERIA";"Customer";"PABLO RODRIGUEZ RODRIGUEZ";"14/08/2025"
"RC&ELECTRICIDAD Y COMUNICACIONES";"INGENIERIA";"Customer";"PABLO RODRIGUEZ RODRIGUEZ";"14/08/2025"
"AUTOMATIZACION S.A";"INGENIERIA";"Customer";"PABLO RODRIGUEZ RODRIGUEZ";"14/08/2025"
"MDS INGENIERIA";"INGENIERIA";"Customer";"KAREN CARRILLO";"6/08/2024"
"CAAD INSTRUMENTACION Y METROLOGIA";"INGENIERIA";"Customer";"HERNAN ROLDAN";"10/04/2024"
"DAYOZ";"INGENIERIA";"Customer";"HERNAN ROLDAN";"28/08/2025"
"Grupo proyección integral";"INGENIERIA";"Customer";"JHOAN ORTIZ";"8/04/2024"
"BOMBAS INDUSTRIALES";"INGENIERIA";"Customer";"JHOAN ORTIZ";"8/04/2024"
"CPVEN COLOMBIA";"INGENIERIA";"Customer";"PABLO RODRIGUEZ RODRIGUEZ";"14/08/2025"
"GREEN SOLAR";"INGENIERIA";"Customer";"PABLO RODRIGUEZ RODRIGUEZ";"14/08/2025"
"ESIG INGENIEROS";"INGENIERIA";"Customer";"JHOAN ORTIZ";"10/04/2024"
"SEI INGENIERIA";"INGENIERIA";"Customer";"JHOAN ORTIZ";"29/08/2024"
"DASI ELECTRONICOS SAS";"INGENIERIA";"Customer";"CLAUDIA RODRIGUEZ RODRIGUEZ";"21/08/2025"
"EBRO INGENIERIA Y TECHNOLOGIA";"INGENIERIA";"Customer";"CLAUDIA RODRIGUEZ RODRIGUEZ";"21/08/2025"
"CARLOS SANCHEZ";"INGENIERIA";"Customer";"CLAUDIA RODRIGUEZ RODRIGUEZ";"21/08/2025"
"REDES Y SERVICIOS AMBIENTALES SAS - HIDROREDES";"INGENIERIA";"Customer";"CLAUDIA RODRIGUEZ RODRIGUEZ";"21/08/2025"
"V SHAPE ANDINA";"INGENIERIA";"Customer";"KAREN CARRILLO";"20/01/2025"
"RDM ingeniería";"INGENIERIA";"Customer";"JHOAN ORTIZ";"8/04/2024"
"SIATET S.A.S.";"INGENIERIA";"Customer";"PABLO RODRIGUEZ RODRIGUEZ";"14/08/2025"
"MODILAC";"INGENIERIA";"Customer";"Juan Garzón Linares";"11/04/2024"
"ORLANDO HARKER";"INGENIERIA";"Integrator";"PABLO RODRIGUEZ RODRIGUEZ";"14/08/2025"
"SRG INGENIERIA";"INGENIERIA";"Customer";"PABLO RODRIGUEZ RODRIGUEZ";"14/08/2025"
"CIMELEC";"INGENIERIA";"Customer";"MELISSA PEREZ";"20/08/2025"
"PENTATRADE SAS";"INGENIERIA";"Customer";"LIZETH MARTINEZ";"11/04/2024"
"WARP SAS";"INGENIERIA";"Customer";"MELISSA PEREZ";"20/08/2025"
"SYH VESGA SAS";"INGENIERIA";"Integrator";"LIZETH MARTINEZ";"11/04/2024"
"LIKABEUS EIRL";"INGENIERIA";"Customer";"PABLO RODRIGUEZ RODRIGUEZ";"15/08/2025"
"ENERGYPAL";"INGENIERIA";"Customer";"LIZETH MARTINEZ";"11/04/2024"
"E&T SOLUTIONS";"INGENIERIA";"Customer";"PABLO RODRIGUEZ RODRIGUEZ";"15/08/2025"
"INGENIERÍA INTEGRADA SUMMA";"INGENIERIA";"Customer";"LIZETH MARTINEZ";"11/04/2024"
"DATALINK SMART SOLUTION";"INGENIERIA";"Integrator";"PABLO RODRIGUEZ RODRIGUEZ";"15/08/2025"
"SERVICONTROL";"INGENIERIA";"Customer";"PABLO RODRIGUEZ RODRIGUEZ";"15/08/2025"
"PROCEMEC";"INGENIERIA";"Customer";"JHOAN ORTIZ";"8/04/2024"
"KiloJoules";"INGENIERIA";"Integrator";"LIZETH MARTINEZ";"11/04/2024"
"TELERED SG";"INGENIERIA";"Customer";"Juan Garzón Linares";"12/08/2025"
"KONCET S.A.S";"INGENIERIA";"Integrator";"CLAUDIA RODRIGUEZ RODRIGUEZ";"21/08/2025"
"TECNICEL CONTROL SAS";"INGENIERIA";"Customer";"PABLO RODRIGUEZ RODRIGUEZ";"15/08/2025"
"AIC INTERNACIONAL";"INGENIERIA";"Customer";"Juan Garzón Linares";"12/08/2025"
"EGESTEC S.A.S.";"INGENIERIA";"Integrator";"PABLO RODRIGUEZ RODRIGUEZ";"15/08/2025"
"JUAN GUARNIZO";"INGENIERIA";"Investor";"PABLO RODRIGUEZ RODRIGUEZ";"15/08/2025"
"C&S INGENIERIA LTDA";"INGENIERIA";"Integrator";"CLAUDIA RODRIGUEZ RODRIGUEZ";"21/08/2025"
"AL INGENIEROS S.A.";"INGENIERIA";"Customer";"PABLO RODRIGUEZ RODRIGUEZ";"14/08/2025"
"AWM AUTOMATIZACION Y CONTROL S.A.S";"INGENIERIA";"Integrator";"CLAUDIA RODRIGUEZ RODRIGUEZ";"21/08/2025"
"ALFONSO ESPINOSA";"INGENIERIA";"Integrator";"PABLO RODRIGUEZ RODRIGUEZ";"15/08/2025"
"Tecnicentro TYG";"INGENIERIA";"Customer";"JHOAN ORTIZ";"16/04/2024"
"ECOROCA";"INGENIERIA";"Customer";"JHOAN ORTIZ";"8/04/2024"
"PROGRAMING SAS";"INGENIERIA";"Customer";"JHOAN ORTIZ";"8/04/2024"
"MEGA PROYECTOS DE TECNOLOGÍA";"INGENIERIA";"Customer";"Juan Garzón Linares";"12/08/2025"
"AYC AUTOMATIZACION Y CONTROL INGENIERIA";"INGENIERIA";"Customer";"LIZETH MARTINEZ";"11/04/2024"
"AREZ INGENIERÍA";"INGENIERIA";"Integrator";"Juan Garzón Linares";"12/08/2025"
"SYSTELM - ELECTRONIC";"INGENIERIA";"Integrator";"Juan Garzón Linares";"15/08/2025"
"DISTECNA S.A.S";"INGENIERIA";"Integrator";"HERNAN ROLDAN";"12/08/2025"
"BOBINACOL";"INGENIERIA";"Customer";"Juan Garzón Linares";"12/08/2025"
"ASSET MANAGEMENT RESOURCES AMR SAS";"INGENIERIA";"Customer";"MELISSA PEREZ";"20/08/2025"
"EMSEC S.A.S";"INGENIERIA";"Customer";"MELISSA PEREZ";"20/08/2025"
"METROLOGIA Y CONTROL SAS";"INGENIERIA";"Customer";"CLAUDIA RODRIGUEZ RODRIGUEZ";"21/08/2025"
"CIDEFER SAS";"INGENIERIA";"Customer";"CLAUDIA RODRIGUEZ RODRIGUEZ";"21/08/2025"
"P&P INGENIEROS";"INGENIERIA";"Customer";"KAREN CARRILLO";"22/01/2025"
"ESPINCONTROL S.A.S.";"INGENIERIA";"Integrator";"Juan Garzón Linares";"12/08/2025"
"JHD SOLUCIONES INTEGRALES";"INGENIERIA";"Integrator";"Juan Garzón Linares";"13/08/2025"
"AUTOMATIZACION, CONTROL E INSTRUMENTACIÓN SAS";"INGENIERIA";"Customer";"Juan Garzón Linares";"13/08/2025"
"INS S.A.";"INGENIERIA";"Customer";"Juan Garzón Linares";"13/08/2025"
"EMIFETED";"INGENIERIA";"Customer";"PABLO RODRIGUEZ RODRIGUEZ";"14/08/2025"
"SAMCO INGENIERIA";"INGENIERIA";"Integrator";"PABLO RODRIGUEZ RODRIGUEZ";"14/08/2025"
"INTEGRA ELECTRICA";"INGENIERIA";"Customer";"PABLO RODRIGUEZ RODRIGUEZ";"14/08/2025"
"INTEGRA ELECTRICA";"INGENIERIA";"Customer";"PABLO RODRIGUEZ RODRIGUEZ";"14/08/2025"
"VALVULAS Y SERVICIOS INDUSTRIALES SAS";"INGENIERIA";"Customer";"HERNAN ROLDAN";"12/08/2025"
"ANTHARTIK";"INGENIERIA";"Customer";"HERNAN ROLDAN";"8/04/2024"
"Ingenieria y suministros SAS";"INGENIERIA";"Customer";"CLAUDIA RODRIGUEZ RODRIGUEZ";"21/08/2025"
"MG PRODINS";"INGENIERIA";"Customer";"CLAUDIA RODRIGUEZ RODRIGUEZ";"21/08/2025"
"BFOCUS TECHNOLOGIES";"INGENIERIA";"Customer";"MELISSA PEREZ";"20/08/2025"
"Sebastian Velandia";"INGENIERIA";"Customer";"CLAUDIA RODRIGUEZ RODRIGUEZ";"21/08/2025"
"DI-MATIC";"INGENIERIA";"Customer";"HERNAN ROLDAN";"12/08/2025"
"Viga Engine SAS";"INGENIERIA";"Customer";"HERNAN ROLDAN";"26/08/2025"
"ELECTROSISTEL";"INGENIERIA";"Customer";"MELISSA PEREZ";"20/08/2025"
"MIT Ingenieria SAS";"INGENIERIA";"Customer";"HERNAN ROLDAN";"15/08/2025"
"INDUSTRIAS AVM";"INGENIERIA";"Customer";"CLAUDIA RODRIGUEZ RODRIGUEZ";"21/08/2025"
"MOVITECNICA";"INGENIERIA";"Customer";"MELISSA PEREZ";"20/08/2025"
"INDUSTRIAS AVM";"INGENIERIA";"Customer";"MELISSA PEREZ";"20/08/2025"
"GENERAL RIG SERVICES S.A.S";"INGENIERIA";"Customer";"HERNAN ROLDAN";"15/07/2024"
"GEOAMBIENTAL S.A.S";"INGENIERIA";"Customer";"HERNAN ROLDAN";"18/06/2024"
"EDECOL ELECTRICOS DE COLOMBIA SA";"INGENIERIA";"Customer";"HERNAN ROLDAN";"15/07/2024"
"AVIATEK SAS";"INGENIERIA";"Customer";"MELISSA PEREZ";"20/08/2025"
"Fabrimontajes Industriales";"INGENIERIA";"Customer";"MELISSA PEREZ";"20/08/2025"
"EQUIPOS HIDRÁULICOS SAS";"INGENIERIA";"Customer";"MELISSA PEREZ";"20/08/2025"
"HIDRONORTE";"INGENIERIA";"Customer";"MELISSA PEREZ";"20/08/2025"
"INTECOL";"INGENIERIA";"Customer";"MELISSA PEREZ";"20/08/2025"
"INGEINDUSTRIAL";"INGENIERIA";"Customer";"MELISSA PEREZ";"20/08/2025"
"INFRAESTRUCTURAS Y MONTAJES COES S.A.S";"INGENIERIA";"Customer";"MELISSA PEREZ";"20/08/2025"
"SIMAQPRO";"INGENIERIA";"Integrator";"MELISSA PEREZ";"20/08/2025"
"REDELEC INGENIEROS S.A.S";"INGENIERIA";"Integrator";"CLAUDIA RODRIGUEZ RODRIGUEZ";"21/08/2025"
"CCOL PROYECTOS SAS";"INGENIERIA";"Customer";"HERNAN ROLDAN";"26/08/2025"
"POILGAS";"INGENIERIA";"Customer";"MELISSA PEREZ";"20/08/2025"
"PVH-PVHARDWARE.";"INGENIERIA";"Customer";"MELISSA PEREZ";"20/08/2025"
"EDUCATIA S.A.S";"INGENIERIA";"Customer";"MELISSA PEREZ";"20/08/2025"
"DYT PROYECTO";"INGENIERIA";"Customer";"HERNAN ROLDAN";"2/09/2025"
"Avocado Innovation";"INGENIERIA";"Customer";"HERNAN ROLDAN";"12/04/2024"
"CODIMAN ELECTROMECANICOS";"INGENIERIA";"Customer";"MELISSA PEREZ";"20/08/2025"
"ICM INGENIERIA";"INGENIERIA";"Customer";"MELISSA PEREZ";"20/08/2025"
"Prohvac";"INGENIERIA";"Customer";"HERNAN ROLDAN";"26/08/2025"
"MAVICONTROL";"INGENIERIA";"Customer";"MELISSA PEREZ";"20/08/2025"
"WATER ING SAS";"INGENIERIA";"Customer";"MELISSA PEREZ";"20/08/2025"
"AC INGENIEROS";"INGENIERIA";"Integrator";"HERNAN ROLDAN";"8/04/2024"
"SENERGY SUPPLY";"INGENIERIA";"Customer";"MELISSA PEREZ";"20/08/2025"
"INZYNIER LTDA";"INGENIERIA";"Customer";"MELISSA PEREZ";"20/08/2025"
"ASESORÍAS INTEGRALES MJM SAS";"INGENIERIA";"Customer";"MELISSA PEREZ";"20/08/2025"
"INGEMA SAS";"INGENIERIA";"Customer";"MELISSA PEREZ";"20/08/2025"
"Grupo Milligram";"INGENIERIA";"Customer";"HERNAN ROLDAN";"12/08/2025"
"DUVANA";"INGENIERIA";"Customer";"PABLO RODRIGUEZ RODRIGUEZ";"15/08/2025"
"Interparts.co SAS";"INGENIERIA";"Customer";"HERNAN ROLDAN";"26/08/2025"
"POWERTEK S.A.S";"INGENIERIA";"Customer";"MELISSA PEREZ";"20/08/2025"
"PALOMINO SOLUCIONES Y TECNOLOGIA";"INGENIERIA";"Customer";"MELISSA PEREZ";"20/08/2025"
"MAYEKAWA";"INGENIERIA";"Customer";"PABLO RODRIGUEZ RODRIGUEZ";"15/08/2025"
"INSTRUMENTOS Y AUTOMATISMOS";"INGENIERIA";"Customer";"MELISSA PEREZ";"20/08/2025"
"SIGMA";"INGENIERIA";"Customer";"MELISSA PEREZ";"20/08/2025"
"Electromotores Casanare";"INGENIERIA";"Customer";"HERNAN ROLDAN";"12/08/2025"
"LOGIC ELECRONICS SAS";"INGENIERIA";"Customer";"MELISSA PEREZ";"20/08/2025"
"Smart Ingeniería";"INGENIERIA";"Customer";"HERNAN ROLDAN";"26/08/2025"
"RMAS Ingenieria";"INGENIERIA";"Customer";"MELISSA PEREZ";"20/08/2025"
"Construpozos";"INGENIERIA";"Customer";"KAREN CARRILLO";"20/01/2025"
"COPES SAS";"INGENIERIA";"Customer";"MELISSA PEREZ";"20/08/2025"
"FREDY CARDENAS";"INGENIERIA";"Customer";"HERNAN ROLDAN";"22/08/2025"
"Urquijo Ingenieria";"INGENIERIA";"Integrator";"KAREN CARRILLO";"20/01/2025"
"LOIRE S.A.S. ESP";"INGENIERIA";"Customer";"PABLO RODRIGUEZ RODRIGUEZ";"15/08/2025"
"RADAR PROCESS";"INGENIERIA";"Customer";"PABLO RODRIGUEZ RODRIGUEZ";"15/08/2025"
"HONEYWELL";"INGENIERIA";"Customer";"Juan Garzón Linares";"14/08/2025"
"SORC INGENIERIA";"INGENIERIA";"Customer";"MELISSA PEREZ";"20/08/2025"
"ASCENSORES SCHINDLER DE COLOMBIA S.A.S";"INGENIERIA";"Customer";"MELISSA PEREZ";"20/08/2025"
"AFILMEC";"INGENIERIA";"Customer";"MELISSA PEREZ";"20/08/2025"
"SKIN PRO";"INGENIERIA";"Customer";"MELISSA PEREZ";"20/08/2025"
"Transformadores Tesla";"INGENIERIA";"Customer";"HERNAN ROLDAN";"12/08/2025"
"Peña de Santander";"INGENIERIA";"Customer";"HERNAN ROLDAN";"18/06/2024"
"DS INGENIERIA";"INGENIERIA";"Customer";"MELISSA PEREZ";"20/08/2025"
"Universalpack group";"INGENIERIA";"Customer";"HERNAN ROLDAN";"26/08/2025"
"SIDAM LTDA";"INGENIERIA";"Customer";"MELISSA PEREZ";"20/08/2025"
"ALTAMAR EQUIPOS";"INGENIERIA";"Customer";"MELISSA PEREZ";"20/08/2025"
"INGETEC SAS";"INGENIERIA";"Customer";"MELISSA PEREZ";"20/08/2025"
"SINGERCOL";"INGENIERIA";"Customer";"MELISSA PEREZ";"20/08/2025"
"ELECTRICIDAD GENERAL";"INGENIERIA";"Customer";"MELISSA PEREZ";"20/08/2025"
"INGENIERÍA Y EQUIPOS LAS 7 ESTRELLAS";"INGENIERIA";"Customer";"MELISSA PEREZ";"20/08/2025"
"NETCORE TECHNOLOGY";"INGENIERIA";"Customer";"MELISSA PEREZ";"20/08/2025"
"Lineal Engineering";"INGENIERIA";"Integrator";"HERNAN ROLDAN";"26/08/2025"
"LEMOR COLOMBIA S.A.S";"INGENIERIA";"Customer";"MELISSA PEREZ";"20/08/2025"
"MB SOLUCIONES";"INGENIERIA";"Customer";"MELISSA PEREZ";"20/08/2025"
"VFD INGENIERIA";"INGENIERIA";"Customer";"MELISSA PEREZ";"20/08/2025"
"ELECTROINDUSTRIALES RAMIREZ E HIJOS";"INGENIERIA";"Customer";"MELISSA PEREZ";"20/08/2025"
"SANTAMARIA CASTAÑO INGENIEROS";"INGENIERIA";"Customer";"LIZETH MARTINEZ";"11/04/2024"
"INAUPRO";"INGENIERIA";"Integrator";"PABLO RODRIGUEZ RODRIGUEZ";"15/08/2025"
"SAUFER SOLUCIONES LTDA";"INGENIERIA";"Customer";"MELISSA PEREZ";"20/08/2025"
"INGENIERIA ESPECIALIZADA Y PROCESOS";"INGENIERIA";"Customer";"MELISSA PEREZ";"20/08/2025"
"MECHANICAL AUTOMATION ENG SAS";"INGENIERIA";"Customer";"Juan Garzón Linares";"2/04/2025"
"SUMINACOL -Suminaguas De Colombia Sas";"INGENIERIA";"Customer";"MELISSA PEREZ";"20/08/2025"
"ASIMTEC";"INGENIERIA";"Customer";"MELISSA PEREZ";"20/08/2025"
"EMPAQUES Y MÁQUINAS BOGOTÁ SAS";"INGENIERIA";"Customer";"LIZETH MARTINEZ";"9/04/2024"
"SOLUCIONES ELECTRICAS SENG SAS";"INGENIERIA";"Customer";"MELISSA PEREZ";"20/08/2025"
"Ingelsac";"INGENIERIA";"Customer";"HERNAN ROLDAN";"26/08/2025"
"GL INGENIEROS - GRUPO LOPERA INGENIEROS SA";"INGENIERIA";"Customer";"MELISSA PEREZ";"20/08/2025"
"GROW, IN GOOD HANDS S.A.S";"INGENIERIA";"Customer";"MELISSA PEREZ";"20/08/2025"
"3D AUTOMATIZACIÓN";"INGENIERIA";"Customer";"LIZETH MARTINEZ";"5/04/2024"
"SITLAB";"INGENIERIA";"Customer";"MELISSA PEREZ";"20/08/2025"
"Halud Ingenieria";"INGENIERIA";"Integrator";"KAREN CARRILLO";"8/07/2024"
"AUTENG";"INGENIERIA";"Customer";"MELISSA PEREZ";"20/08/2025"
"DOLPHIN INGENIERIA SAS";"INGENIERIA";"Customer";"MELISSA PEREZ";"20/08/2025"
"HIDALGO E HIDALGO COLOMBIA S.A.S";"INGENIERIA";"Customer";"MELISSA PEREZ";"20/08/2025"
"TECPI SAS";"INGENIERIA";"Integrator";"MELISSA PEREZ";"20/08/2025"
"COINDTEC";"INGENIERIA";"Integrator";"PABLO RODRIGUEZ RODRIGUEZ";"15/08/2025"
"Crown Colombiana S A";"INGENIERIA";"Analyst";"HERNAN ROLDAN";"23/04/2024"
"MTA DE COLOMBIA";"INGENIERIA";"Customer";"MELISSA PEREZ";"20/08/2025"
"DTEC";"INGENIERIA";"Customer";"Juan Garzón Linares";"14/08/2025"
"INCOAMBIENTAL";"INGENIERIA";"Customer";"MELISSA PEREZ";"20/08/2025"
"STEAM FLUID";"INGENIERIA";"Customer";"LIZETH MARTINEZ";"28/01/2025"
"IMSACOL - INGENIERIA Y MANTENIMIENTO SAS";"INGENIERIA";"Customer";"MELISSA PEREZ";"20/08/2025"
"COMPAÑÍA DE TRABAJOS URBANOS SAS";"INGENIERIA";"Customer";"MELISSA PEREZ";"20/08/2025"
"GESIS CONEXIONES ELECTRICAS";"INGENIERIA";"Customer";"MELISSA PEREZ";"20/08/2025"
"PESA MATIC SAS";"INGENIERIA";"Customer";"MELISSA PEREZ";"21/08/2025"
"VOLTPROJECT S.A.S.";"INGENIERIA";"Customer";"LIZETH MARTINEZ";"30/04/2025"
"IIE INGENIERIA";"INGENIERIA";"Customer";"MELISSA PEREZ";"21/08/2025"
"ELECTROINSTRUMENTACIÓN S.A.S";"INGENIERIA";"Customer";"MELISSA PEREZ";"21/08/2025"
"FC MECATRONICA";"INGENIERIA";"Customer";"MELISSA PEREZ";"21/08/2025"
"DOSIFICATOR";"INGENIERIA";"Customer";"CLAUDIA RODRIGUEZ RODRIGUEZ";"21/08/2025"
"Pointer Instruments SAS (claudia)";"INGENIERIA";"Integrator";"LIZETH MARTINEZ";"30/04/2025"
"ESSI";"INGENIERIA";"Other";"MELISSA PEREZ";"21/08/2025"
"ICOBANDAS S.A.";"INGENIERIA";"Customer";"PABLO RODRIGUEZ RODRIGUEZ";"15/08/2025"
"SICME INGENIERIA S.A.S.";"INGENIERIA";"Customer";"PABLO RODRIGUEZ RODRIGUEZ";"15/08/2025"
"SIEMENS S.A.";"INGENIERIA";"Other";"Juan Garzón Linares";"14/08/2025"
"TECVAL";"INGENIERIA";"Integrator";"Juan Garzón Linares";"14/08/2025"
"NEXATROL";"INGENIERIA";"Other";"MELISSA PEREZ";"21/08/2025"
"HL INGENIEROS";"INGENIERIA";"Customer";"HERNAN ROLDAN";"26/08/2025"
"EBYFIVE";"INGENIERIA";"Customer";"Juan Garzón Linares";"14/08/2025"
"REFRISISTEMAS INDUSTRIALES S.A.S";"INGENIERIA";"Other";"CLAUDIA RODRIGUEZ RODRIGUEZ";"21/08/2025"
"JEP INGENIERIA";"INGENIERIA";"Customer";"CLAUDIA RODRIGUEZ RODRIGUEZ";"21/08/2025"
"TRES PULGADAS S.A.S";"INGENIERIA";"Integrator";"CLAUDIA RODRIGUEZ RODRIGUEZ";"21/08/2025"
"GM COMERCIALIZADORA";"INGENIERIA";"Integrator";"CLAUDIA RODRIGUEZ RODRIGUEZ";"21/08/2025"
"AUTOMATIZACIÓN INTEGRADA";"INGENIERIA";"Integrator";"LIZETH MARTINEZ";"9/04/2024"
"METALSUR";"INGENIERIA";"Customer";"MELISSA PEREZ";"21/08/2025"
"AUTOMEX";"INGENIERIA";"Integrator";"Juan Garzón Linares";"14/08/2025"
"JOSÉ EDILBERTO ANDRADE";"INGENIERIA";"Customer";"MELISSA PEREZ";"20/08/2025"
"INALRED LTDA";"INGENIERIA";"Customer";"Juan Garzón Linares";"14/08/2025"
"INDEPENDIENTE";"INGENIERIA";"Customer";"Juan Garzón Linares";"14/08/2025"
"NERPACK";"INGENIERIA";"Customer";"PABLO RODRIGUEZ RODRIGUEZ";"15/08/2025"
"SCHRADER CAMARGO S.A.";"INGENIERIA";"Customer";"PABLO RODRIGUEZ RODRIGUEZ";"15/08/2025"
"ETECON";"INGENIERIA";"Customer";"YENI OLARTE";"26/11/2024"
"SUPPLIE INDUSTRY S.A.S.";"INGENIERIA";"Customer";"LIZETH MARTINEZ";"26/11/2024"
"FCD SOLUCIONES INDUSTRIALES";"INGENIERIA";"Customer";"JHOAN ORTIZ";"26/11/2024"
"I3E S.A.S";"INGENIERIA";"Customer";"YENI OLARTE";"26/11/2024"
"ROMULO ALARCÓN";"INGENIERIA";"Customer";"PABLO RODRIGUEZ RODRIGUEZ";"15/08/2025"
"GRUPO ELECTRICO INGENIERIA";"INGENIERIA";"Customer";"Juan Garzón Linares";"14/08/2025"
"TECNIELECTRICA";"INGENIERIA";"Customer";"YENI OLARTE";"26/11/2024"
"AUTOMATION P&E SAS";"INGENIERIA";"Customer";"PABLO RODRIGUEZ RODRIGUEZ";"14/08/2025"
"JF ING";"INGENIERIA";"Customer";"MELISSA PEREZ";"20/08/2025"
"Siot Ingeniería";"INGENIERIA";"Customer";"JHOAN ORTIZ";"5/04/2024"
"IMOSER INGENIEROS SAS";"INGENIERIA";"Customer";"LIZETH MARTINEZ";"28/01/2025"
"INGENIELECTRICJE";"INGENIERIA";"Customer";"Juan Garzón Linares";"14/08/2025"
"H D&S Distribuciones y Subestaciones S.A.S.";"INGENIERIA";"Customer";"HERNAN ROLDAN";"12/08/2025"
"ACUAINGENIERIA ó SEKO";"INGENIERIA";"Customer";"KAREN CARRILLO";"20/01/2025"
"INDEPENDENCE SA";"INGENIERIA";"Customer";"PABLO RODRIGUEZ RODRIGUEZ";"15/08/2025"
"CASYBER LTDA";"INGENIERIA";"Customer";"MELISSA PEREZ";"21/08/2025"
"ANDRITZ HIDRO LTDA";"INGENIERIA";"Customer";"PABLO RODRIGUEZ RODRIGUEZ";"15/08/2025"
"SIPT";"INGENIERIA";"Customer";"PABLO RODRIGUEZ RODRIGUEZ";"15/08/2025"
"ProMinent Colombia S.A.S.";"INGENIERIA";"Customer";"MELISSA PEREZ";"20/08/2025"
"ELECTROMECANICA E y S LTDA";"INGENIERIA";"Customer";"CLAUDIA RODRIGUEZ RODRIGUEZ";"21/08/2025"
"MACGP S.A.S.";"INGENIERIA";"Customer";"MELISSA PEREZ";"21/08/2025"
"WESTING ELECTRIC S.A.S";"INGENIERIA";"Customer";"YENI OLARTE";"26/11/2024"
"FLUID CONTROL S.A.S";"INGENIERIA";"Customer";"MELISSA PEREZ";"21/08/2025"
"GÓMEZ CAJIAO";"INGENIERIA";"Customer";"MELISSA PEREZ";"21/08/2025"
"CONSULTORES E INGENIEROS ABESAN LTDA";"INGENIERIA";"Customer";"JHOAN ORTIZ";"26/11/2024"
"TRADEVAL";"INGENIERIA";"Customer";"JHOAN ORTIZ";"16/04/2024"
"INELCO";"INGENIERIA";"Customer";"PABLO RODRIGUEZ RODRIGUEZ";"15/08/2025"
"INSOLTEC LTDA";"INGENIERIA";"Customer";"PABLO RODRIGUEZ RODRIGUEZ";"15/08/2025"
"NSTEC S.A.S.";"INGENIERIA";"Customer";"PABLO RODRIGUEZ RODRIGUEZ";"15/08/2025"
"INGEKRONOS";"INGENIERIA";"Integrator";"Juan Garzón Linares";"15/08/2025"
"S&P COLOMBIA S.A.S";"INGENIERIA";"Customer";"JHOAN ORTIZ";"16/04/2024"
"D&O AUTOMATIZACIONES Y PROCESOS SAS";"INGENIERIA";"Customer";"JHOAN ORTIZ";"5/04/2024"
"SCHRADER CAMARGO S..A.";"INGENIERIA";"Prospect";"PABLO RODRIGUEZ RODRIGUEZ";"15/08/2025"
"HISAN S.A.";"INGENIERIA";"Customer";"PABLO RODRIGUEZ RODRIGUEZ";"15/08/2025"
"INSTRUCONT";"INGENIERIA";"Customer";"PABLO RODRIGUEZ RODRIGUEZ";"15/08/2025"
"DIELECT SAS";"INGENIERIA";"Customer";"CLAUDIA RODRIGUEZ RODRIGUEZ";"21/08/2025"
"MECSO SAS";"INGENIERIA";"Customer";"MELISSA PEREZ";"21/08/2025"
"EFICIENCIA ENERGETICA";"INGENIERIA";"Customer";"PABLO RODRIGUEZ RODRIGUEZ";"15/08/2025"
"SAIRV";"INGENIERIA";"Customer";"MELISSA PEREZ";"21/08/2025"
"AUTOMATX E.U";"INGENIERIA";"Customer";"CLAUDIA RODRIGUEZ RODRIGUEZ";"21/08/2025"
"SKYTECH";"INGENIERIA";"Customer";"Juan Garzón Linares";"14/08/2025"
"SOHIDMEC S.A.S";"INGENIERIA";"Customer";"YENI OLARTE";"27/11/2024"
"ENEFENCO";"INGENIERIA";"Customer";"Juan Garzón Linares";"14/08/2025"
"TOP DRIVE (claudia)";"INGENIERIA";"Customer";"LIZETH MARTINEZ";"30/04/2025"
"INDUSTRIAS ASOCIADAS";"INGENIERIA";"Customer";"LIZETH MARTINEZ";"9/04/2024"
"SUMINISTROS INDUSTRIALES JED";"INGENIERIA";"Customer";"MELISSA PEREZ";"21/08/2025"
"STI PROYECTOS SAS";"INGENIERIA";"Customer";"CLAUDIA RODRIGUEZ RODRIGUEZ";"21/08/2025"
"CONTROL FACTORY";"INGENIERIA";"Customer";"CLAUDIA RODRIGUEZ RODRIGUEZ";"21/08/2025"
"SSIC INGENIERÍA";"INGENIERIA";"Customer";"JHOAN ORTIZ";"16/04/2024"
"SSI SCHAFER";"INGENIERIA";"Customer";"LIZETH MARTINEZ";"8/04/2024"
"INSA INGENIERÍA";"INGENIERIA";"Customer";"LIZETH MARTINEZ";"9/04/2024"
"ZETTAI S.A.S.";"INGENIERIA";"Customer";"PABLO RODRIGUEZ RODRIGUEZ";"15/08/2025"
"BASCULAS Y BALANZAS IBAGUE S.A.S";"INGENIERIA";"Customer";"PABLO RODRIGUEZ RODRIGUEZ";"15/08/2025"
"BELTCO S.A.S.";"INGENIERIA";"Reseller";"PABLO RODRIGUEZ RODRIGUEZ";"15/08/2025"
"RAITECH INC";"INGENIERIA";"Integrator";"PABLO RODRIGUEZ RODRIGUEZ";"15/08/2025"
"HEPTA PROYECTOS SAS";"INGENIERIA";"Integrator";"MELISSA PEREZ";"21/08/2025"
"CHALLENGER SA";"INGENIERIA";"Customer";"JHOAN ORTIZ";"26/11/2024"
"DIMONT LTDA";"INGENIERIA";"Customer";"YENI OLARTE";"27/11/2024"
"VICAR INGENIRIA";"INGENIERIA";"Customer";"MELISSA PEREZ";"21/08/2025"
"CODEWORKS";"INGENIERIA";"Customer";"LIZETH MARTINEZ";"9/04/2024"
"ADELS SAS";"INGENIERIA";"Integrator";"MELISSA PEREZ";"21/08/2025"
"TECNINTEGRAL";"INGENIERIA";"Customer";"Juan Garzón Linares";"11/04/2024"
"WEST ENGINEERING SAS.";"INGENIERIA";"Customer";"JHOAN ORTIZ";"27/11/2024"
"SISTEMAS INDUSTRIALES Y CONTROL L.T.D.A.";"INGENIERIA";"Customer";"CLAUDIA RODRIGUEZ RODRIGUEZ";"21/08/2025"
"AIRCAS INDUSTRIAL S.A.S.";"INGENIERIA";"Integrator";"PABLO RODRIGUEZ RODRIGUEZ";"15/08/2025"
"RIQCO";"INGENIERIA";"Customer";"MELISSA PEREZ";"21/08/2025"
"CATALEJO";"INGENIERIA";"Customer";"Juan Garzón Linares";"14/08/2025"
"GENAIR";"INGENIERIA";"Customer";"Juan Garzón Linares";"14/08/2025"
"IDETECO L.T.D.A.";"INGENIERIA";"Customer";"MELISSA PEREZ";"21/08/2025"
"ETS INGENIERÍA";"INGENIERIA";"Customer";"PABLO RODRIGUEZ RODRIGUEZ";"15/08/2025"
"IHC & CIA SC";"INGENIERIA";"Customer";"MELISSA PEREZ";"21/08/2025"
"PSED S.A.";"INGENIERIA";"Customer";"MELISSA PEREZ";"21/08/2025"
"AMERICAN STEEL INGENIEROS";"INGENIERIA";"Customer";"MELISSA PEREZ";"20/08/2025"
"REFRIAUTOMATISMOS LTDA";"INGENIERIA";"Customer";"Juan Garzón Linares";"14/08/2025"
"INDUSTRIAS QUIMICAS FIQ SAS";"INGENIERIA";"Customer";"Juan Garzón Linares";"14/08/2025"
"DIEGO VALLEJO Y CIA";"INGENIERIA";"Prospect";"CLAUDIA RODRIGUEZ RODRIGUEZ";"21/08/2025"
"GRUPO NW";"INGENIERIA";"Customer";"MELISSA PEREZ";"21/08/2025"
"Inversiones Maima S.A.S.";"INGENIERIA";"Customer";"CLAUDIA RODRIGUEZ RODRIGUEZ";"21/08/2025"
"TRANSMITEC S.A.S";"INGENIERIA";"Prospect";"CLAUDIA RODRIGUEZ RODRIGUEZ";"21/08/2025"
"GRUPO EURO AMERICA";"INGENIERIA";"Customer";"CLAUDIA RODRIGUEZ RODRIGUEZ";"21/08/2025"
"CHG SOLUCIONES";"INGENIERIA";"Customer";"MELISSA PEREZ";"21/08/2025"
"ELEPHTROTECNICA S.A.S";"INGENIERIA";"Customer";"CLAUDIA RODRIGUEZ RODRIGUEZ";"21/08/2025"
"SUBESTACIONES SM&A LTDA";"INGENIERIA";"Customer";"JHOAN ORTIZ";"15/08/2025"
"GRUPO DEMARES";"INGENIERIA";"Customer";"HERNAN ROLDAN";"26/08/2025"
"Inbascol De Occidente S A S";"INGENIERIA";"Analyst";"MELISSA PEREZ";"21/08/2025"
"OPERATIVIDAD EMPRESARIAL";"INGENIERIA";"Customer";"PABLO RODRIGUEZ RODRIGUEZ";"15/08/2025"
"NVS AUTOMATIZACION COLOMBIA S.A.S";"INGENIERIA";"Analyst";"CLAUDIA RODRIGUEZ RODRIGUEZ";"21/08/2025"
"ARCOI";"INGENIERIA";"Analyst";"CLAUDIA RODRIGUEZ RODRIGUEZ";"21/08/2025"
"PRODUCTOS Y EQUIPOS INDUSTRIALES SA";"INGENIERIA";"Customer";"MELISSA PEREZ";"21/08/2025"
"Labcys";"INGENIERIA";"Customer";"HERNAN ROLDAN";"26/08/2025"
"KUSPYDE INGENIERIA";"INGENIERIA";"Customer";"MELISSA PEREZ";"21/08/2025"
"MEZA MOTORES EU";"INGENIERIA";"Customer";"MELISSA PEREZ";"21/08/2025"
"INGENIERÍA E INDUSTRIA DEL AGUA SAS";"INGENIERIA";"Customer";"MELISSA PEREZ";"21/08/2025"
"SERBIT";"INGENIERIA";"Customer";"MELISSA PEREZ";"21/08/2025"
"MOVING ENERGIE SAS";"INGENIERIA";"Customer";"MELISSA PEREZ";"21/08/2025"
"WBS CONSTRUCCIONES S.A.S.";"INGENIERIA";"Customer";"MELISSA PEREZ";"21/08/2025"
"INDIGO TECNOLOGÍA";"INGENIERIA";"Customer";"LIZETH MARTINEZ";"9/04/2024"
"ACP Y CIA SAS";"INGENIERIA";"Customer";"LIZETH MARTINEZ";"11/04/2024"
"SOLTECING";"INGENIERIA";"Customer";"HERNAN ROLDAN";"9/07/2024"
"CONTROL & INSTRUCOL SAS";"INGENIERIA";"Integrator";"PABLO RODRIGUEZ RODRIGUEZ";"15/08/2025"
"SERVICIOS IDS SAS";"INGENIERIA";"Customer";"MELISSA PEREZ";"21/08/2025"
"ZAPHIRECORP";"INGENIERIA";"Customer";"HERNAN ROLDAN";"26/08/2025"
"TECHNO SKILLS ENGINEERING SERVICES S.A.S";"INGENIERIA";"Customer";"LIZETH MARTINEZ";"11/04/2024"
"APPLUS NORCONTROL";"INGENIERIA";"Customer";"MELISSA PEREZ";"21/08/2025"
"Suministro Mantenimiento Y Automatizacion Jfa S A S";"INGENIERIA";"Customer";"MELISSA PEREZ";"21/08/2025"
"Instrumentacion y servicios industriales ISI SAS";"INGENIERIA";"Customer";"LIZETH MARTINEZ";"9/04/2024"
"DML INGENIEROS";"INGENIERIA";"Customer";"Juan Garzón Linares";"14/08/2025"
"INGSOLMAK";"INGENIERIA";"Customer";"MELISSA PEREZ";"21/08/2025"
"MONTAJES ELÉCTRICOS Y DE TELECOMUNICACIONES";"INGENIERIA";"Customer";"MELISSA PEREZ";"21/08/2025"
"GLEND ELECTRICAL SAS";"INGENIERIA";"Customer";"MELISSA PEREZ";"21/08/2025"
"DRONICA COLOMBIA";"INGENIERIA";"Customer";"MELISSA PEREZ";"21/08/2025"
"DINAKOL SOLUCIONES";"INGENIERIA";"Customer";"MELISSA PEREZ";"21/08/2025"
"METRIPESA S.A.S";"INGENIERIA";"Customer";"MELISSA PEREZ";"21/08/2025"
"INGENIERIA & AUTOMATIZACIÓN SAS";"INGENIERIA";"Customer";"MELISSA PEREZ";"21/08/2025"
"REDELEC";"INGENIERIA";"Customer";"JHOAN ORTIZ";"16/04/2024"
"Grupo Acsacol";"INGENIERIA";"Customer";"MELISSA PEREZ";"21/08/2025"
"ALFRIO SAS";"INGENIERIA";"Customer";"JHOAN ORTIZ";"4/08/2025"
"HERNANDO LOTE";"INGENIERIA";"Customer";"HERNAN ROLDAN";"12/08/2025"
"Ingenieria de servicios y control ltda";"INGENIERIA";"Customer";"LIZETH MARTINEZ";"9/04/2024"
"ISE - Ingenieria y servicios electromecánicos";"INGENIERIA";"Customer";"KAREN CARRILLO";"20/01/2025"
"NEDIAR SAS";"INGENIERIA";"Customer";"LIZETH MARTINEZ";"28/01/2025"
"GRUPO DE INVERSIÓN CIVIL WORK";"INGENIERIA";"Customer";"MELISSA PEREZ";"21/08/2025"
"DPM PROYECTOS E INGENIERÍA S.A.S";"INGENIERIA";"Customer";"LIZETH MARTINEZ";"9/04/2024"
"INGELECTRICOS";"INGENIERIA";"Customer";"MELISSA PEREZ";"21/08/2025"
"SETEFER LTDA";"INGENIERIA";"Customer";"MELISSA PEREZ";"21/08/2025"
"OKON S.A.";"INGENIERIA";"Customer";"Juan Garzón Linares";"14/08/2025"
"CONTROL FLUID";"INGENIERIA";"Customer";"Juan Garzón Linares";"14/08/2025"
"RHO IDEA INGENIERIA";"INGENIERIA";"Customer";"MELISSA PEREZ";"21/08/2025"
"PROELECTRIC VELANDIA SAS";"INGENIERIA";"Reseller";"LIZETH MARTINEZ";"11/04/2024"
"GUTIERREZ CASTRO";"INGENIERIA";"Reseller";"LIZETH MARTINEZ";"10/04/2024"
"Epco Ingenieria";"INGENIERIA";"Customer";"HERNAN ROLDAN";"26/08/2025"
"CONSORCIO CHIMALITO";"INGENIERIA";"Customer";"LIZETH MARTINEZ";"11/04/2024"
"ANT GROUP";"INGENIERIA";"Customer";"HERNAN ROLDAN";"26/08/2025"
"CLAUGER LATAM";"INGENIERIA";"Customer";"HERNAN ROLDAN";"5/08/2025"
"QUALITY TEST SAS";"INGENIERIA";"Customer";"PABLO RODRIGUEZ RODRIGUEZ";"22/07/2024"
"DISICER SAS";"INGENIERIA";"Customer";"PABLO RODRIGUEZ RODRIGUEZ";"15/08/2025"
"Enermatic";"INGENIERIA";"Integrator";"HERNAN ROLDAN";"10/07/2024"
"GRUPO EMPRESARIAL ROTTERDAM";"INGENIERIA";"Integrator";"LIZETH MARTINEZ";"11/04/2024"
"TEIMAN SAS";"INGENIERIA";"Integrator";"LIZETH MARTINEZ";"11/04/2024"
"PROLAUNDRY";"INGENIERIA";"Integrator";"LIZETH MARTINEZ";"11/04/2024"
"INGENIERIA INTEGRAL LTDA";"INGENIERIA";"Integrator";"LIZETH MARTINEZ";"11/04/2024"
"INGENIERÍA MANTENIMIENTO Y SERVICIOS ORIENTALES IMSO";"INGENIERIA";"Integrator";"LIZETH MARTINEZ";"11/04/2024"
"CL INGENIERIA";"INGENIERIA";"Customer";"JHOAN ORTIZ";"31/01/2025"
"PRYCE SAS";"INGENIERIA";"Customer";"JHOAN ORTIZ";"12/08/2025"
"SMB INGENIERIA Y PROYECTOS";"INGENIERIA";"Customer";"KAREN CARRILLO";"26/08/2024"
"CROIL SERVICIOS E INGENIERIA SAS";"INGENIERIA";"Prospect";"KAREN CARRILLO";"9/06/2025"
"IMAGEN Y SONIDO";"INGENIERIA";"Prospect";"Juan Garzón Linares";"11/10/2024"
"CROIL SERVICIOS DE INGENIERIA";"INGENIERIA";"Customer";"JHOAN ORTIZ";"12/08/2025"
"NUBID SAS";"INGENIERIA";"Customer";"KAREN CARRILLO";"17/12/2024"
"INGUATIN SAS";"INGENIERIA";"Integrator";"PABLO RODRIGUEZ RODRIGUEZ";"21/01/2025"
"Electroinstrumentación";"INGENIERIA";"Customer";"KAREN CARRILLO";"18/02/2025"
"ELECAM SAS";"INGENIERIA";"Customer";"KAREN CARRILLO";"19/02/2025"
"ADMITEC";"INGENIERIA";"Customer";"KAREN CARRILLO";"28/02/2025"
"GM GROUPLLC SAS";"INGENIERIA";"Customer";"LIZETH MARTINEZ";"10/03/2025"
"ASESORIAS & SERVICIOS ARIZA NARVAEZ S.A.S";"INGENIERIA";"Customer";"Juan Garzón Linares";"31/03/2025"
"SIMETRYK";"INGENIERIA";"Customer";"KAREN CARRILLO";"28/04/2025"
"NANOTECH FUELS GREEN";"INGENIERIA";"Customer";"LIZETH MARTINEZ";"12/08/2025"
"ENG SOLUTIONS";"INGENIERIA";"Customer";"KAREN CARRILLO";"19/05/2025"
"AQ INGENIERIA";"INGENIERIA";"Customer";"KAREN CARRILLO";"4/07/2025"
"IHS INTERNACIONAL";"INGENIERIA";"Customer";"KAREN CARRILLO";"28/07/2025"
"PLC INGENIERIA Y PROYECTOS SAS";"INGENIERIA";"Integrator";"HERNAN ROLDAN";"25/08/2025"
"TECMON TECNOLOGIAS NAL SAS";"INGENIERIA";"Customer";"PABLO RODRIGUEZ RODRIGUEZ";"12/08/2025"
"SILEX";"INGENIERIA";"Customer";"KAREN CARRILLO";"5/09/2025"
"INGEAR";"INGENIERIA";"Customer";"KAREN CARRILLO";"12/09/2025"
"SIEMA IND SAS";"INGENIERIA";"Customer";"Juan Garzón Linares";"14/09/2025"
"HIPERSUMINISTROS";"INGENIERIA";"Customer";"KAREN CARRILLO";"29/09/2025"
"HIDROINTEC";"INGENIERIA";"Customer";"KAREN CARRILLO";"6/10/2025"
"PSI S.AS";"INTEGRADORES";"Customer";"PABLO RODRIGUEZ RODRIGUEZ";"14/08/2025"
"INMSA SAS";"INTEGRADORES";"Customer";"MELISSA PEREZ";"19/04/2024"
"SISTEMAS DIGITALES DE COLOMBIA";"INTEGRADORES";"Customer";"CLAUDIA RODRIGUEZ RODRIGUEZ";"21/08/2025"
"SUMINISTROS Y SERVICIOS ELECTRICOS S.A.S";"INTEGRADORES";"Integrator";"CLAUDIA RODRIGUEZ RODRIGUEZ";"21/08/2025"
"APROMAQ S.A.S";"INTEGRADORES";"Integrator";"CLAUDIA RODRIGUEZ RODRIGUEZ";"21/08/2025"
"ISAV SERVICES S.A.S.";"INTEGRADORES";"Integrator";"CLAUDIA RODRIGUEZ RODRIGUEZ";"21/08/2025"
"INDUTECSA";"INTEGRADORES";"Reseller";"Juan Garzón Linares";"8/04/2024"
"INGEMECANICA S.A.S";"INTEGRADORES";"Customer";"CLAUDIA RODRIGUEZ RODRIGUEZ";"21/08/2025"
"AUTOMATIZAR GD S.A.S";"INTEGRADORES";"Customer";"CLAUDIA RODRIGUEZ RODRIGUEZ";"21/08/2025"
"ML SUPPLY S.A.S";"INTEGRADORES";"Integrator";"CLAUDIA RODRIGUEZ RODRIGUEZ";"21/08/2025"
"KTRONIKA S.A.S";"INTEGRADORES";"Customer";"MELISSA PEREZ";"19/04/2024"
"METALPLAST LTDA";"INTEGRADORES";"Integrator";"CLAUDIA RODRIGUEZ RODRIGUEZ";"21/08/2025"
"INDUSTRIA COLOMBIANA DE MANTENIMIENTO Y MAQUINARIA S.A.S- incolmat";"INTEGRADORES";"Customer";"LIZETH MARTINEZ";"8/04/2024"
"APCYTEL S.A.S";"INTEGRADORES";"Customer";"PABLO RODRIGUEZ RODRIGUEZ";"14/08/2025"
"INGEMA INDUSTRIAL S.A.S";"INTEGRADORES";"Customer";"PABLO RODRIGUEZ RODRIGUEZ";"14/08/2025"
"Mdals Control Automatizacion E Ingenieria S A S";"INTEGRADORES";"Customer";"PABLO RODRIGUEZ RODRIGUEZ";"14/08/2025"
"EP SOLUTIONS";"INTEGRADORES";"Customer";"LIZETH MARTINEZ";"8/04/2024"
"EURO NETWORKS & TECHNOLOGY";"INTEGRADORES";"Customer";"Juan Garzón Linares";"10/04/2024"
"ING DAVID RODRIGUEZ";"INTEGRADORES";"Customer";"CLAUDIA RODRIGUEZ RODRIGUEZ";"21/08/2025"
"CESAR MAURICIO MESA";"INTEGRADORES";"Customer";"CLAUDIA RODRIGUEZ RODRIGUEZ";"21/08/2025"
"SPI SERVICIOS Y PROYECTOS INDUSTRIALES";"INTEGRADORES";"Integrator";"LIZETH MARTINEZ";"9/04/2024"
"INGENIERO CARLOS ANDRES SANCHEZ";"INTEGRADORES";"Integrator";"CLAUDIA RODRIGUEZ RODRIGUEZ";"21/08/2025"
"PROTEC AUTOMATION SAS";"INTEGRADORES";"Integrator";"CLAUDIA RODRIGUEZ RODRIGUEZ";"21/08/2025"
"BYC ANDINA S.A.S";"INTEGRADORES";"Analyst";"CLAUDIA RODRIGUEZ RODRIGUEZ";"21/08/2025"
"TECNOLOGIA DE AVANZADA COLOMBIA SAS";"INTEGRADORES";"Customer";"Juan Garzón Linares";"8/04/2024"
"AIT SOLUCIONES AUTOMATICAS";"INTEGRADORES";"Integrator";"CLAUDIA RODRIGUEZ RODRIGUEZ";"21/08/2025"
"TEK CONTROL SAS";"INTEGRADORES";"Customer";"Juan Garzón Linares";"14/08/2025"
"ELEMEING";"INTEGRADORES";"Customer";"Juan Garzón Linares";"10/04/2024"
"METROAUTOMATIZACION";"INTEGRADORES";"Integrator";"CLAUDIA RODRIGUEZ RODRIGUEZ";"21/08/2025"
"AMERICAN ROLLER";"INTEGRADORES";"Integrator";"LIZETH MARTINEZ";"28/01/2025"
"INTEGRA ELECTRA S.A.S";"INTEGRADORES";"Customer";"CLAUDIA RODRIGUEZ RODRIGUEZ";"21/08/2025"
"PAC Ingenieria";"INTEGRADORES";"Customer";"JHOAN ORTIZ";"8/04/2024"
"ELECTROLEG S.A.";"INTEGRADORES";"Integrator";"JHOAN ORTIZ";"5/04/2024"
"HYDRO SYSTEMS SD";"INTEGRADORES";"Integrator";"CLAUDIA RODRIGUEZ RODRIGUEZ";"21/08/2025"
"MACROELECTRICOS";"INTEGRADORES";"Customer";"Juan Garzón Linares";"11/04/2024"
"H2O CONTROL E INGENIERIA";"INTEGRADORES";"Integrator";"CLAUDIA RODRIGUEZ RODRIGUEZ";"21/08/2025"
"SEMTELCO INGENIERIA S.A.S";"INTEGRADORES";"Integrator";"CLAUDIA RODRIGUEZ RODRIGUEZ";"21/08/2025"
"INGEMEKS";"INTEGRADORES";"Customer";"HERNAN ROLDAN";"12/08/2025"
"SEIC SERVICIOS ESPECIALIZADOS DE INGENIERIA Y CONSULTORIA";"INTEGRADORES";"Customer";"LIZETH MARTINEZ";"9/04/2024"
"FICO FERRETERIAS";"INTEGRADORES";"Customer";"MELISSA PEREZ";"20/08/2025"
"INDUSTRYTEC";"INTEGRADORES";"Customer";"CLAUDIA RODRIGUEZ RODRIGUEZ";"21/08/2025"
"ALEIA SAS";"INTEGRADORES";"Customer";"CLAUDIA RODRIGUEZ RODRIGUEZ";"21/08/2025"
"GLOBAL ELECTRIC M&M SAS";"INTEGRADORES";"Customer";"CLAUDIA RODRIGUEZ RODRIGUEZ";"21/08/2025"
"AUTOMATIZACIONES JES";"INTEGRADORES";"Integrator";"Juan Garzón Linares";"12/08/2025"
"ROYTEC S.A.";"INTEGRADORES";"Customer";"Juan Garzón Linares";"13/08/2025"
"STROM";"INTEGRADORES";"Integrator";"PABLO RODRIGUEZ RODRIGUEZ";"15/08/2025"
"VOLUMED";"INTEGRADORES";"Customer";"Juan Garzón Linares";"13/08/2025"
"FLUXCONTROL";"INTEGRADORES";"Customer";"Juan Garzón Linares";"13/08/2025"
"MUTUAL INGENIERIA";"INTEGRADORES";"Integrator";"JHOAN ORTIZ";"15/08/2025"
"Buffalo Business Group SAS";"INTEGRADORES";"Customer";"HERNAN ROLDAN";"26/08/2025"
"IAE PROYECTOS";"INTEGRADORES";"Integrator";"Juan Garzón Linares";"13/08/2025"
"MJH Soluciones industriales";"INTEGRADORES";"Customer";"LIZETH MARTINEZ";"5/04/2024"
"RESOLVER";"INTEGRADORES";"Integrator";"MELISSA PEREZ";"20/08/2025"
"CONTROL Y LOGICA";"INTEGRADORES";"Analyst";"KAREN CARRILLO";"20/01/2025"
"SUMI INGENIERIA";"INTEGRADORES";"Integrator";"KAREN CARRILLO";"20/01/2025"
"ELECMER";"INTEGRADORES";"Customer";"LIZETH MARTINEZ";"30/04/2025"
"GARLAS CONTROL";"INTEGRADORES";"Customer";"PABLO RODRIGUEZ RODRIGUEZ";"15/08/2025"
"MONTAJES Y MECANIZADOS CNC";"INTEGRADORES";"Customer";"LIZETH MARTINEZ";"5/04/2024"
"SERVINDING";"INTEGRADORES";"Integrator";"JHOAN ORTIZ";"8/04/2024"
"BANCOL-Bandas Y Correas De Colombia S.A.S.";"INTEGRADORES";"Customer";"LIZETH MARTINEZ";"29/04/2024"
"VALVE SOLUTIONS S.A.S.";"INTEGRADORES";"Customer";"HERNAN ROLDAN";"26/08/2025"
"INSTRUCONT.";"INTEGRADORES";"Other";"PABLO RODRIGUEZ RODRIGUEZ";"15/08/2025"
"KOPPER AUTOMATIZACIONES";"INTEGRADORES";"Other";"YENI OLARTE";"26/11/2024"
"MR CONTROL SAS";"INTEGRADORES";"Integrator";"CLAUDIA RODRIGUEZ RODRIGUEZ";"21/08/2025"
"AVANTEC LTDA";"INTEGRADORES";"Customer";"LIZETH MARTINEZ";"8/04/2024"
"NESTOR ACEVEDO";"INTEGRADORES";"Customer";"PABLO RODRIGUEZ RODRIGUEZ";"15/08/2025"
"INSTRUMEINTS SAS";"INTEGRADORES";"Customer";"PABLO RODRIGUEZ RODRIGUEZ";"15/08/2025"
"EDILBERTO ANDRADE";"INTEGRADORES";"Customer";"PABLO RODRIGUEZ RODRIGUEZ";"15/08/2025"
"INAUCO";"INTEGRADORES";"Customer";"PABLO RODRIGUEZ RODRIGUEZ";"15/08/2025"
"NOVUS AUTOMATION";"INTEGRADORES";"Integrator";"PABLO RODRIGUEZ RODRIGUEZ";"14/08/2025"
"PROSER IEC S.A.S.";"INTEGRADORES";"Customer";"LIZETH MARTINEZ";"8/04/2024"
"SURELIN";"INTEGRADORES";"Customer";"Juan Garzón Linares";"15/08/2025"
"ALTRON INGENIERÍA";"INTEGRADORES";"Customer";"HERNAN ROLDAN";"26/08/2025"
"MACD ELECTROMECANICO";"INTEGRADORES";"Customer";"LIZETH MARTINEZ";"16/04/2024"
"AUTOMATIZACION P&E SAS";"INTEGRADORES";"Integrator";"PABLO RODRIGUEZ RODRIGUEZ";"15/08/2025"
"PROGRESSIVE";"INTEGRADORES";"Integrator";"HERNAN ROLDAN";"26/08/2025"
"MEGALUZ INGENIERIA";"INTEGRADORES";"Integrator";"JHOAN ORTIZ";"5/04/2024"
"JWG SAS";"INTEGRADORES";"Customer";"JHOAN ORTIZ";"27/11/2024"
"SERPROELEC SAS";"INTEGRADORES";"Customer";"CLAUDIA RODRIGUEZ RODRIGUEZ";"21/08/2025"
"SP AUTOMATIZAR";"INTEGRADORES";"Integrator";"CLAUDIA RODRIGUEZ RODRIGUEZ";"21/08/2025"
"RODITEC S.A.S.";"INTEGRADORES";"Customer";"PABLO RODRIGUEZ RODRIGUEZ";"15/08/2025"
"MECATROCOL";"INTEGRADORES";"Customer";"LIZETH MARTINEZ";"9/04/2024"
"CIME ELECTRICOS S.A.S";"INTEGRADORES";"Analyst";"CLAUDIA RODRIGUEZ RODRIGUEZ";"21/08/2025"
"POWER MAINTENANCE SAS";"INTEGRADORES";"Customer";"LIZETH MARTINEZ";"11/04/2024"
"SYS INGENIERIA";"INTEGRADORES";"Customer";"LIZETH MARTINEZ";"8/04/2024"
"Supetrocol";"INTEGRADORES";"Customer";"HERNAN ROLDAN";"26/08/2025"
"FR Ingenieria";"INTEGRADORES";"Customer";"KAREN CARRILLO";"20/01/2025"
"PM SOLUTION";"INTEGRADORES";"Customer";"LIZETH MARTINEZ";"25/11/2024"
"INVERSIONES ELCER SAS";"INTEGRADORES";"Integrator";"LIZETH MARTINEZ";"11/04/2024"
"SERVIPROYECTOS NP";"INTEGRADORES";"Integrator";"LIZETH MARTINEZ";"11/04/2024"
"ELECTROINDUSTRIALES DE COLOMBIA SAS";"INTEGRADORES";"Integrator";"LIZETH MARTINEZ";"11/04/2024"
"PROSOLUTIONS";"INTEGRADORES";"Integrator";"LIZETH MARTINEZ";"11/04/2024"
"AIR CONTROL GRUPO";"INTEGRADORES";"Integrator";"LIZETH MARTINEZ";"11/04/2024"
"INSE GROUP SAS";"INTEGRADORES";"Customer";"LIZETH MARTINEZ";"19/12/2024"
"POWER QUALITY";"INTEGRADORES";"Integrator";"LIZETH MARTINEZ";"19/12/2024"
"TOVAS INGENIERIA";"INTEGRADORES";"Integrator";"Juan Garzón Linares";"4/06/2025"
"COINAT";"INTEGRADORES";"Integrator";"HERNAN ROLDAN";"26/08/2025"
"ELÉCTRICOS HC";"INTEGRADORES";"Customer";"LIZETH MARTINEZ";"28/08/2025"
"Motores y energía S.A.S.";"INTEGRADORES";"Customer";"LIZETH MARTINEZ";"28/08/2025"
"GEP COMPANY";"INTEGRADORES";"Customer";"LIZETH MARTINEZ";"28/08/2025"
"COMSISER";"INTEGRADORES";"Customer";"LIZETH MARTINEZ";"28/08/2025"
"ELÉCTRICOS IDEAL";"INTEGRADORES";"Customer";"LIZETH MARTINEZ";"28/08/2025"
"IGET";"INTEGRADORES";"Customer";"LIZETH MARTINEZ";"28/08/2025"
"SEM INGENIERIA";"INTEGRADORES";"Customer";"LIZETH MARTINEZ";"29/08/2025"
"SWARCO ANDINA";"INTEGRADORES";"Customer";"LIZETH MARTINEZ";"29/08/2025"
"AID GROUP";"INTEGRADORES";"Integrator";"LIZETH MARTINEZ";"8/09/2025"
"SOLUCIONES INTEGRALES DE ESTERILIZACION";"INTEGRADORES";"Customer";"LIZETH MARTINEZ";"8/09/2025"
"SOLUCIONES MENDOZA";"INTEGRADORES";"Customer";"LIZETH MARTINEZ";"29/09/2025"
"HENKEL INTERNACIONAL";"INTEGRADORES";"Customer";"LIZETH MARTINEZ";"29/09/2025"
"SYNERGYTECH";"INTEGRADORES";"Customer";"LIZETH MARTINEZ";"29/09/2025"
"INDUSTRIA SIPCO";"DISTRIBUIDORES";"Customer";"Juan Garzón Linares";"10/04/2024"
"HERRAMIENTAS INDUSTRIALES S.A.S";"DISTRIBUIDORES";"Customer";"PABLO RODRIGUEZ RODRIGUEZ";"14/08/2025"
"MACRO ELECTRICOS LTDA";"DISTRIBUIDORES";"Customer";"MELISSA PEREZ";"19/04/2024"
"SERVICIOS Y SUMINISTROS PETROLEROS S.A.S";"DISTRIBUIDORES";"Customer";"LIZETH MARTINEZ";"5/08/2025"
"EQUIPOS Y HERRAMIENTAS";"DISTRIBUIDORES";"Customer";"CLAUDIA RODRIGUEZ RODRIGUEZ";"21/08/2025"
"ORAS GROUP";"DISTRIBUIDORES";"Customer";"MELISSA PEREZ";"19/04/2024"
"REDES ELECTRICAS S.A";"DISTRIBUIDORES";"Customer";"PABLO RODRIGUEZ RODRIGUEZ";"14/08/2025"
"TUVAL TECH";"DISTRIBUIDORES";"Customer";"Juan Garzón Linares";"10/04/2024"
"AIR CENTER S.A.S";"DISTRIBUIDORES";"Customer";"LIZETH MARTINEZ";"9/04/2024"
"PROELECT SOLUCIONES INDUSTRIALES";"DISTRIBUIDORES";"Customer";"LIZETH MARTINEZ";"8/04/2024"
"FERRETERIA SAE S.A.S";"DISTRIBUIDORES";"Customer";"LIZETH MARTINEZ";"9/04/2024"
"RACOMANG";"DISTRIBUIDORES";"Customer";"MELISSA PEREZ";"19/04/2024"
"SCALE SYSTEMS S.A.S.";"DISTRIBUIDORES";"Customer";"PABLO RODRIGUEZ RODRIGUEZ";"14/08/2025"
"ORF- Organización flor huila";"DISTRIBUIDORES";"Customer";"CLAUDIA RODRIGUEZ RODRIGUEZ";"21/08/2025"
"ALFA Y OMEGA INSTRUMENTACION SAS";"DISTRIBUIDORES";"Customer";"CLAUDIA RODRIGUEZ RODRIGUEZ";"21/08/2025"
"ELECTROMET LTDA";"DISTRIBUIDORES";"Customer";"CLAUDIA RODRIGUEZ RODRIGUEZ";"21/08/2025"
"CORIOLIS SOLUCIONES SAS";"DISTRIBUIDORES";"Integrator";"LIZETH MARTINEZ";"24/02/2025"
"Surtieléctricos";"DISTRIBUIDORES";"Customer";"MELISSA PEREZ";"20/08/2025"
"ELECTRICOS Y AUTOMATIZACIONES DEL VALLE";"DISTRIBUIDORES";"Customer";"Juan Garzón Linares";"10/04/2024"
"CONMEIN - Control Metrologico Industrial s.a.s";"DISTRIBUIDORES";"Integrator";"CLAUDIA RODRIGUEZ RODRIGUEZ";"21/08/2025"
"JCP SUPPLIES";"DISTRIBUIDORES";"Customer";"PABLO RODRIGUEZ RODRIGUEZ";"14/08/2025"
"FERCASTEC";"DISTRIBUIDORES";"Customer";"MELISSA PEREZ";"20/08/2025"
"GLOBE INDUSTRIES";"DISTRIBUIDORES";"Customer";"PABLO RODRIGUEZ RODRIGUEZ";"14/08/2025"
"WEB COLOMBIA S.A.S";"DISTRIBUIDORES";"Customer";"CLAUDIA RODRIGUEZ RODRIGUEZ";"21/08/2025"
"COLPESAJE";"DISTRIBUIDORES";"Customer";"LIZETH MARTINEZ";"9/04/2024"
"ELEMENTOS ELÉCTRICOS DE CALI";"DISTRIBUIDORES";"Customer";"LIZETH MARTINEZ";"11/04/2024"
"Llano electricos";"DISTRIBUIDORES";"Customer";"JHOAN ORTIZ";"8/04/2024"
"SUMIFER SAS";"DISTRIBUIDORES";"Customer";"LIZETH MARTINEZ";"11/04/2024"
"INDUSTRIAL TEC INNOVACIONES SERVICIOS";"DISTRIBUIDORES";"Customer";"CLAUDIA RODRIGUEZ RODRIGUEZ";"21/08/2025"
"TECNO VALAN";"DISTRIBUIDORES";"Integrator";"PABLO RODRIGUEZ RODRIGUEZ";"15/08/2025"
"EM AUTOMATIZACIONES S.A.S.";"DISTRIBUIDORES";"Customer";"LIZETH MARTINEZ";"11/04/2024"
"AMI ELECTRIC SAS";"DISTRIBUIDORES";"Customer";"Juan Garzón Linares";"12/08/2025"
"ALMACEN PANAMERICANO";"DISTRIBUIDORES";"Customer";"Juan Garzón Linares";"12/08/2025"
"VIMAR S.A.S.";"DISTRIBUIDORES";"Reseller";"PABLO RODRIGUEZ RODRIGUEZ";"15/08/2025"
"JJR TOOLS";"DISTRIBUIDORES";"Customer";"JHOAN ORTIZ";"16/04/2024"
"Distribuidora las palmas";"DISTRIBUIDORES";"Customer";"JHOAN ORTIZ";"16/04/2024"
"SISTEMAS INDUSTRIALES Y CONTROL";"DISTRIBUIDORES";"Customer";"PABLO RODRIGUEZ RODRIGUEZ";"15/08/2025"
"RODRIGUEZ & URBINA LTDA";"DISTRIBUIDORES";"Customer";"LIZETH MARTINEZ";"8/04/2024"
"DAEECO S.A.S.";"DISTRIBUIDORES";"Reseller";"PABLO RODRIGUEZ RODRIGUEZ";"15/08/2025"
"SIICONTROL";"DISTRIBUIDORES";"Integrator";"PABLO RODRIGUEZ RODRIGUEZ";"15/08/2025"
"CTL COMPANY";"DISTRIBUIDORES";"Customer";"CLAUDIA RODRIGUEZ RODRIGUEZ";"21/08/2025"
"COMPEL SA";"DISTRIBUIDORES";"Customer";"CLAUDIA RODRIGUEZ RODRIGUEZ";"21/08/2025"
"EJE MANTENIMIENTO";"DISTRIBUIDORES";"Customer";"CLAUDIA RODRIGUEZ RODRIGUEZ";"21/08/2025"
"LA SORPRESA PANADERIA";"DISTRIBUIDORES";"Customer";"CLAUDIA RODRIGUEZ RODRIGUEZ";"21/08/2025"
"DISTRIBUIDOR NACIONAL DE CALDERAS";"DISTRIBUIDORES";"Customer";"CLAUDIA RODRIGUEZ RODRIGUEZ";"21/08/2025"
"ENLACE ELECTRICO";"DISTRIBUIDORES";"Reseller";"PABLO RODRIGUEZ RODRIGUEZ";"15/08/2025"
"UNIELECT LTDA";"DISTRIBUIDORES";"Customer";"Juan Garzón Linares";"13/08/2025"
"SYMIS S.A.S.";"DISTRIBUIDORES";"Customer";"Juan Garzón Linares";"13/08/2025"
"FERREMAT CALI";"DISTRIBUIDORES";"Reseller";"Juan Garzón Linares";"13/08/2025"
"EURO INSTRUMENTS";"DISTRIBUIDORES";"Customer";"PABLO RODRIGUEZ RODRIGUEZ";"14/08/2025"
"SERIES RODANTES";"DISTRIBUIDORES";"Customer";"PABLO RODRIGUEZ RODRIGUEZ";"15/08/2025"
"COMUNICACIONES Y ELÉCTRICOS";"DISTRIBUIDORES";"Customer";"MELISSA PEREZ";"20/08/2025"
"ELECTRIC SOLUTION";"DISTRIBUIDORES";"Customer";"LIZETH MARTINEZ";"9/04/2024"
"Ferreimportadora HMA";"DISTRIBUIDORES";"Customer";"MELISSA PEREZ";"20/08/2025"
"MAQUITODO";"DISTRIBUIDORES";"Customer";"MELISSA PEREZ";"20/08/2025"
"AUTOSOL";"DISTRIBUIDORES";"Customer";"PABLO RODRIGUEZ RODRIGUEZ";"15/08/2025"
"ELECTRICOS DEL VALLE";"DISTRIBUIDORES";"Customer";"MELISSA PEREZ";"20/08/2025"
"ELECTRO MODERNO";"DISTRIBUIDORES";"Customer";"MELISSA PEREZ";"20/08/2025"
"COMPRESORES Y MOTORES BOGOTÁ";"DISTRIBUIDORES";"Customer";"MELISSA PEREZ";"20/08/2025"
"SUPPLYTEC";"DISTRIBUIDORES";"Customer";"LIZETH MARTINEZ";"28/01/2025"
"INDUFERRAM";"DISTRIBUIDORES";"Customer";"MELISSA PEREZ";"20/08/2025"
"SURTIELECTRONIC S.A.S";"DISTRIBUIDORES";"Customer";"MELISSA PEREZ";"20/08/2025"
"DIELECTRICOS NA";"DISTRIBUIDORES";"Customer";"MELISSA PEREZ";"20/08/2025"
"Multiservicios FG";"DISTRIBUIDORES";"Reseller";"HERNAN ROLDAN";"26/08/2025"
"MARCO REPRESENTACIONES INDUSTRIALES";"DISTRIBUIDORES";"Integrator";"LIZETH MARTINEZ";"9/04/2024"
"CEQUIN COMERCIALIZADORA DE EQUIPOS";"DISTRIBUIDORES";"Customer";"MELISSA PEREZ";"20/08/2025"
"SUMIMTEC";"DISTRIBUIDORES";"Customer";"PABLO RODRIGUEZ RODRIGUEZ";"15/08/2025"
"IMPORTSOLUCIONES";"DISTRIBUIDORES";"Reseller";"PABLO RODRIGUEZ RODRIGUEZ";"15/08/2025"
"Q&T IMPORTACIONES SAS";"DISTRIBUIDORES";"Customer";"MELISSA PEREZ";"20/08/2025"
"ATLAS LIMITED S.A.S";"DISTRIBUIDORES";"Customer";"MELISSA PEREZ";"20/08/2025"
"PSI FERRETERIA LTDA";"DISTRIBUIDORES";"Customer";"MELISSA PEREZ";"20/08/2025"
"CHAMECA";"DISTRIBUIDORES";"Customer";"Juan Garzón Linares";"14/08/2025"
"PT ENGINEERING SUPLIES S.A";"DISTRIBUIDORES";"Customer";"MELISSA PEREZ";"20/08/2025"
"DISARTEC JG SAS";"DISTRIBUIDORES";"Customer";"MELISSA PEREZ";"20/08/2025"
"ENERGIA, REDES Y SERVICIOS";"DISTRIBUIDORES";"Customer";"MELISSA PEREZ";"20/08/2025"
"DET SAS";"DISTRIBUIDORES";"Customer";"MELISSA PEREZ";"20/08/2025"
"INSTRUELECTRONIC";"DISTRIBUIDORES";"Customer";"MELISSA PEREZ";"20/08/2025"
"COPROIND LTDA";"DISTRIBUIDORES";"Customer";"MELISSA PEREZ";"20/08/2025"
"SUMINISTROS MAYBE SAS";"DISTRIBUIDORES";"Customer";"MELISSA PEREZ";"20/08/2025"
"EL PODER ELECTRICO";"DISTRIBUIDORES";"Customer";"MELISSA PEREZ";"20/08/2025"
"Global Supplies Solutions";"DISTRIBUIDORES";"Customer";"MELISSA PEREZ";"20/08/2025"
"AUTOEQUIC";"DISTRIBUIDORES";"Customer";"MELISSA PEREZ";"20/08/2025"
"Electro hidraulica S.A.";"DISTRIBUIDORES";"Customer";"MELISSA PEREZ";"20/08/2025"
"SUMINISTROS Y SERVICIOS TECNICOS SAS";"DISTRIBUIDORES";"Customer";"PABLO RODRIGUEZ RODRIGUEZ";"15/08/2025"
"RIS AUTOMATION";"DISTRIBUIDORES";"Integrator";"PABLO RODRIGUEZ RODRIGUEZ";"15/08/2025"
"VALSER INDUSTRIALES";"DISTRIBUIDORES";"Customer";"Juan Garzón Linares";"14/08/2025"
"GNH COLOMBIA";"DISTRIBUIDORES";"Customer";"MELISSA PEREZ";"20/08/2025"
"ANDINA INTERNACIONAL";"DISTRIBUIDORES";"Reseller";"PABLO RODRIGUEZ RODRIGUEZ";"15/08/2025"
"VARKA SUPPLY SAS";"DISTRIBUIDORES";"Customer";"LIZETH MARTINEZ";"28/01/2025"
"DIELCO";"DISTRIBUIDORES";"Customer";"HERNAN ROLDAN";"26/08/2025"
"SEGURIDAD Y GESTIÓN DEL RIESGO SAS";"DISTRIBUIDORES";"Customer";"LIZETH MARTINEZ";"8/04/2024"
"Datanova";"DISTRIBUIDORES";"Customer";"KAREN CARRILLO";"20/01/2025"
"ELECTROBÁSCULAS";"DISTRIBUIDORES";"Customer";"MELISSA PEREZ";"21/08/2025"
"REDES Y COMUNICACIONES ELECTRICAS";"DISTRIBUIDORES";"Customer";"MELISSA PEREZ";"21/08/2025"
"DISEÑO SERVICIO Y REPRESENTACION S.A.S.";"DISTRIBUIDORES";"Reseller";"PABLO RODRIGUEZ RODRIGUEZ";"15/08/2025"
"SUMINISTROS Y SERVICIOS TÉCNICOS SAS";"DISTRIBUIDORES";"Customer";"MELISSA PEREZ";"21/08/2025"
"CEPSA";"DISTRIBUIDORES";"Integrator";"MELISSA PEREZ";"20/08/2025"
"COLDECON";"DISTRIBUIDORES";"Reseller";"PABLO RODRIGUEZ RODRIGUEZ";"15/08/2025"
"CARLOS TRIANA Y CIA";"DISTRIBUIDORES";"Customer";"LIZETH MARTINEZ";"18/11/2024"
"DISTRIBUCIONES GMC BOGOTA & CÍA. LTDA";"DISTRIBUIDORES";"Customer";"MELISSA PEREZ";"20/08/2025"
"CIME ELECTRICOS";"DISTRIBUIDORES";"Other";"YENI OLARTE";"26/11/2024"
"DINACOL";"DISTRIBUIDORES";"Integrator";"MELISSA PEREZ";"21/08/2025"
"RTS SUMINISTROS INDUSTRIALES";"DISTRIBUIDORES";"Customer";"PABLO RODRIGUEZ RODRIGUEZ";"15/08/2025"
"INSTRUMENTOS Y CONTROLES";"DISTRIBUIDORES";"Customer";"PABLO RODRIGUEZ RODRIGUEZ";"14/08/2025"
"SUMIMTEC SERVICES SAS";"DISTRIBUIDORES";"Customer";"MELISSA PEREZ";"21/08/2025"
"FERRETERIA ANDRES MARTINEZ";"DISTRIBUIDORES";"Reseller";"PABLO RODRIGUEZ RODRIGUEZ";"15/08/2025"
"EDUARDO MARQUEZ E HIJOS";"DISTRIBUIDORES";"Reseller";"LIZETH MARTINEZ";"19/02/2025"
"ELÉCTRICOS IVM ELECTRONICA";"DISTRIBUIDORES";"Customer";"MELISSA PEREZ";"20/08/2025"
"REXCOIN SAS";"DISTRIBUIDORES";"Reseller";"PABLO RODRIGUEZ RODRIGUEZ";"14/08/2025"
"SPRITALL COMPANY";"DISTRIBUIDORES";"Customer";"MELISSA PEREZ";"21/08/2025"
"INGEBASCULAS S.A.S";"DISTRIBUIDORES";"Customer";"CLAUDIA RODRIGUEZ RODRIGUEZ";"21/08/2025"
"SUPPLIE INDUSTRIALES S.A.S";"DISTRIBUIDORES";"Customer";"LIZETH MARTINEZ";"9/04/2024"
"SOLUCIONES AUTOMÁTICAS";"DISTRIBUIDORES";"Customer";"YENI OLARTE";"26/11/2024"
"BRAUNKER INGENIERÍA";"DISTRIBUIDORES";"Integrator";"CLAUDIA RODRIGUEZ RODRIGUEZ";"21/08/2025"
"MEM";"DISTRIBUIDORES";"Reseller";"CLAUDIA RODRIGUEZ RODRIGUEZ";"21/08/2025"
"ACERAL S.A.S.";"DISTRIBUIDORES";"Customer";"MELISSA PEREZ";"21/08/2025"
"MELTECHS SAS";"DISTRIBUIDORES";"Customer";"YENI OLARTE";"27/11/2024"
"FENIX METAL S.A.S.";"DISTRIBUIDORES";"Customer";"CLAUDIA RODRIGUEZ RODRIGUEZ";"21/08/2025"
"BOHLER COLOMBIA";"DISTRIBUIDORES";"Customer";"MELISSA PEREZ";"28/01/2025"
"CP INSTRUMENTS";"DISTRIBUIDORES";"Integrator";"PABLO RODRIGUEZ RODRIGUEZ";"14/08/2025"
"HIPERBÁSCULAS";"DISTRIBUIDORES";"Customer";"LIZETH MARTINEZ";"28/08/2025"
"TODODIESEL";"DISTRIBUIDORES";"Customer";"Juan Garzón Linares";"14/08/2025"
"T&E CALDERAS Y ENERGÍA";"DISTRIBUIDORES";"Customer";"HERNAN ROLDAN";"26/08/2025"
"FORMAS ELECTRICAS";"DISTRIBUIDORES";"Other";"YENI OLARTE";"27/11/2024"
"GLOBE IMPORTS & EXPORTS";"DISTRIBUIDORES";"Reseller";"PABLO RODRIGUEZ RODRIGUEZ";"15/08/2025"
"TECNOMEDICIÓN SAS";"DISTRIBUIDORES";"Customer";"Juan Garzón Linares";"14/08/2025"
"DISGLOBAL";"DISTRIBUIDORES";"Customer";"MELISSA PEREZ";"21/08/2025"
"IMPORTECNICAL SAS";"DISTRIBUIDORES";"Customer";"MELISSA PEREZ";"21/08/2025"
"IMPORTAREX SAS";"DISTRIBUIDORES";"Customer";"MELISSA PEREZ";"21/08/2025"
"GRUPO ZAMBRANO";"DISTRIBUIDORES";"Customer";"LIZETH MARTINEZ";"22/04/2024"
"RANDOM TECH S.A.S.";"DISTRIBUIDORES";"Customer";"LIZETH MARTINEZ";"8/04/2024"
"PROCESS SOLUTIONS";"DISTRIBUIDORES";"Customer";"LIZETH MARTINEZ";"9/04/2024"
"FERRELAM";"DISTRIBUIDORES";"Customer";"LIZETH MARTINEZ";"9/04/2024"
"KOS & KIEL";"DISTRIBUIDORES";"Customer";"HERNAN ROLDAN";"26/08/2025"
"COMFERRETERA";"DISTRIBUIDORES";"Customer";"LIZETH MARTINEZ";"25/11/2024"
"MULTINVERSIONES ASSAI";"DISTRIBUIDORES";"Customer";"MELISSA PEREZ";"21/08/2025"
"MCM TRADING S.A.S";"DISTRIBUIDORES";"Customer";"LIZETH MARTINEZ";"5/04/2024"
"COMERCIALIZADORA E IMPORTADORA ELECTRICA INDUSTRIAL SAS";"DISTRIBUIDORES";"Customer";"MELISSA PEREZ";"21/08/2025"
"XEMDAL S.A.S";"DISTRIBUIDORES";"Customer";"LIZETH MARTINEZ";"8/05/2025"
"IMPORTAINDUSTRIAS SAS";"DISTRIBUIDORES";"Customer";"MELISSA PEREZ";"21/08/2025"
"Diseño Petromecanico";"DISTRIBUIDORES";"Integrator";"KAREN CARRILLO";"20/01/2025"
"CIVITEL";"DISTRIBUIDORES";"Integrator";"LIZETH MARTINEZ";"9/04/2024"
"AIMCOL SAS";"DISTRIBUIDORES";"Customer";"HERNAN ROLDAN";"8/04/2024"
"DURESPO";"DISTRIBUIDORES";"Customer";"Juan Garzón Linares";"14/08/2025"
"MUNDO ELECTRICO INDUSTRIAL";"DISTRIBUIDORES";"Integrator";"PABLO RODRIGUEZ RODRIGUEZ";"15/08/2025"
"CARLOS CORREDOR";"DISTRIBUIDORES";"Investor";"LIZETH MARTINEZ";"11/04/2024"
"EL PALACIO ELECTRICO";"DISTRIBUIDORES";"Integrator";"LIZETH MARTINEZ";"11/04/2024"
"CIMA LTDA";"DISTRIBUIDORES";"Customer";"LIZETH MARTINEZ";"11/04/2024"
"BATERIAS WILLARD";"DISTRIBUIDORES";"Integrator";"LIZETH MARTINEZ";"11/04/2024"
"COINELECTRIC";"DISTRIBUIDORES";"Integrator";"LIZETH MARTINEZ";"11/04/2024"
"OMECOL SAS";"DISTRIBUIDORES";"Integrator";"LIZETH MARTINEZ";"5/04/2024"
"TECNACON";"DISTRIBUIDORES";"Customer";"LIZETH MARTINEZ";"8/04/2024"
"CEINFER SAS";"DISTRIBUIDORES";"Integrator";"LIZETH MARTINEZ";"11/04/2024"
"IMAGEN ELECTRICA LTDA";"DISTRIBUIDORES";"Integrator";"LIZETH MARTINEZ";"11/04/2024"
"Tecnosuma";"DISTRIBUIDORES";"Customer";"JHOAN ORTIZ";"2/08/2024"
"Tuval Tech Ind. Ferreteria";"DISTRIBUIDORES";"Integrator";"KAREN CARRILLO";"16/12/2024"
"GRUPO SIMACOL";"DISTRIBUIDORES";"Customer";"Juan Garzón Linares";"31/01/2025"
"INDUSTRIAL CORTEZ SAS";"DISTRIBUIDORES";"Customer";"LIZETH MARTINEZ";"12/02/2025"
"SS INGENIERÍA";"DISTRIBUIDORES";"Customer";"LIZETH MARTINEZ";"12/02/2025"
"PROWINCH COLOMBIA";"DISTRIBUIDORES";"Customer";"LIZETH MARTINEZ";"17/02/2025"
"ELECTRO INDUSTRIALES BACATA S.A.S.";"DISTRIBUIDORES";"Customer";"LIZETH MARTINEZ";"17/02/2025"
"DIMACUT";"DISTRIBUIDORES";"Customer";"LIZETH MARTINEZ";"12/08/2025"
"Cotizaciones WhatsApp Lizeth";"DISTRIBUIDORES";"Customer";"LIZETH MARTINEZ";"24/02/2025"
"DICEMCOL";"DISTRIBUIDORES";"Customer";"JHOAN ORTIZ";"12/08/2025"
"FABRICATO";"DISTRIBUIDORES";"Customer";"LIZETH MARTINEZ";"2/05/2025"
"DISTRIELECTRICOS JM";"DISTRIBUIDORES";"Integrator";"LIZETH MARTINEZ";"3/06/2025"
"CALDERAS JCT";"DISTRIBUIDORES";"Reseller";"KAREN CARRILLO";"16/06/2025"
"CICAFER SAS";"DISTRIBUIDORES";"Reseller";"KAREN CARRILLO";"16/06/2025"
"SILBEC TECHNOLOGY";"DISTRIBUIDORES";"Analyst";"LIZETH MARTINEZ";"25/07/2025"
"ENERGY SERVICE GROUP";"DISTRIBUIDORES";"Customer";"LIZETH MARTINEZ";"25/07/2025"
"TOOL SUPPLY";"DISTRIBUIDORES";"Customer";"LIZETH MARTINEZ";"28/07/2025"
"AUTOMATION ETERNAL";"DISTRIBUIDORES";"Customer";"LIZETH MARTINEZ";"28/07/2025"
"INDUSTRIA ELECTRICA DE CONTROL Y SERVICIOS";"DISTRIBUIDORES";"Customer";"LIZETH MARTINEZ";"28/07/2025"
"EURO TECH";"DISTRIBUIDORES";"Customer";"LIZETH MARTINEZ";"28/07/2025"
"I.E GROUP";"DISTRIBUIDORES";"Customer";"LIZETH MARTINEZ";"28/08/2025"
"INDUSTRIAS ELECTRICAS HELOIM";"DISTRIBUIDORES";"Customer";"LIZETH MARTINEZ";"9/09/2025"
"ELECTRO CONTACTO Y TELCO";"DISTRIBUIDORES";"Customer";"LIZETH MARTINEZ";"15/09/2025"
"SUMINISTRO, LABORATORIO Y SERVICIOS ELECTRÓNICOS DEL CASANARE";"DISTRIBUIDORES";"Customer";"LIZETH MARTINEZ";"15/09/2025"
"SEIMS AUTOMATIZACIONES";"DISTRIBUIDORES";"Customer";"LIZETH MARTINEZ";"6/10/2025"
